GT,MTurk_Label,dataset,image,x,y
0,0,M1_L_V1_1,img_0.jpg,481.2692260742188,289.2493896484375
0,0,M1_L_V1_1,img_45.jpg,494.7275695800781,292.8932189941406
1,0,M1_L_V1_1,img_90.jpg,497.5231628417969,236.3365173339844
0,0,M1_L_V1_1,img_135.jpg,575.6511840820312,258.5863647460937
0,0,M1_L_V1_1,img_180.jpg,511.2024230957031,285.5997314453125
1,0,M1_L_V1_1,img_225.jpg,523.4439086914062,324.410888671875
0,0,M1_L_V1_1,img_270.jpg,514.9486694335938,316.3684997558594
1,1,M1_L_V1_1,img_315.jpg,496.1096496582031,375.717041015625
1,1,M1_L_V1_1,img_360.jpg,478.5819091796875,299.9168701171875
1,1,M1_L_V1_1,img_405.jpg,401.1837463378906,306.9934387207031
1,1,M1_L_V1_1,img_450.jpg,568.906982421875,333.6596069335937
1,1,M1_L_V1_1,img_495.jpg,490.1225280761719,311.77740478515625
0,1,M1_L_V1_1,img_540.jpg,507.3926696777344,343.7094116210937
1,1,M1_L_V1_1,img_585.jpg,503.7117614746094,280.8639221191406
1,1,M1_L_V1_1,img_630.jpg,505.5476379394531,272.3415832519531
0,0,M1_L_V1_1,img_675.jpg,517.53173828125,270.4541931152344
0,1,M1_L_V1_1,img_720.jpg,511.3260803222656,341.50079345703125
1,1,M1_L_V1_1,img_765.jpg,456.6668395996094,328.0375671386719
1,1,M1_L_V1_1,img_810.jpg,492.0824890136719,239.5420837402344
1,1,M1_L_V1_1,img_855.jpg,486.8992309570313,303.1788330078125
1,1,M1_L_V1_1,img_900.jpg,497.39886474609375,332.1195678710937
1,1,M1_L_V1_1,img_945.jpg,440.3073120117188,287.0800170898437
1,1,M1_L_V1_1,img_990.jpg,552.3269653320312,294.5228576660156
1,1,M1_L_V1_1,img_1035.jpg,593.0335083007812,287.5509948730469
1,1,M1_L_V1_1,img_1080.jpg,522.1272583007812,257.30108642578125
1,1,M1_L_V1_1,img_1125.jpg,522.7783813476562,288.3173217773437
1,1,M1_L_V1_1,img_1170.jpg,510.6285400390625,286.6264038085937
1,1,M1_L_V1_1,img_1215.jpg,497.4073486328125,280.50799560546875
0,1,M1_L_V1_1,img_1260.jpg,511.2429809570313,374.434814453125
1,1,M1_L_V1_1,img_1305.jpg,483.57806396484375,360.7431945800781
1,1,M1_L_V1_1,img_1350.jpg,404.1906433105469,325.8100891113281
1,1,M1_L_V1_1,img_1395.jpg,584.2645263671875,325.6628112792969
1,1,M1_L_V1_1,img_1440.jpg,491.1350708007813,320.592041015625
1,1,M1_L_V1_1,img_1485.jpg,506.9581909179688,362.0915222167969
1,1,M1_L_V1_1,img_1530.jpg,508.0572204589844,318.55792236328125
1,1,M1_L_V1_1,img_1575.jpg,507.6143798828125,297.101806640625
1,1,M1_L_V1_1,img_1620.jpg,507.4944458007813,294.192138671875
0,0,M1_L_V1_1,img_1665.jpg,528.1851196289062,325.13397216796875
1,1,M1_L_V1_1,img_1710.jpg,493.7164916992188,364.79888916015625
0,0,M1_L_V1_2,img_0.jpg,493.84771728515625,256.4061279296875
0,0,M1_L_V1_2,img_45.jpg,438.14642333984375,281.23114013671875
0,0,M1_L_V1_2,img_90.jpg,488.1079406738281,335.4353942871094
0,0,M1_L_V1_2,img_135.jpg,565.011474609375,324.8598327636719
1,1,M1_L_V1_2,img_180.jpg,518.3679809570312,366.1890258789063
1,1,M1_L_V1_2,img_225.jpg,509.5176086425781,342.9031982421875
1,1,M1_L_V1_2,img_270.jpg,510.90924072265625,314.48175048828125
1,1,M1_L_V1_2,img_315.jpg,513.0498046875,259.5585327148437
1,1,M1_L_V1_2,img_360.jpg,570.897216796875,267.9259338378906
1,1,M1_L_V1_2,img_405.jpg,468.9427795410156,255.2330017089844
1,1,M1_L_V1_2,img_450.jpg,517.497802734375,252.38302612304688
1,1,M1_L_V1_2,img_495.jpg,511.5989990234375,279.5163269042969
1,1,M1_L_V1_2,img_540.jpg,521.6380615234375,346.2065734863281
1,1,M1_L_V1_2,img_585.jpg,542.303466796875,285.0642395019531
1,1,M1_L_V1_2,img_630.jpg,489.4314270019531,290.3462829589844
0,0,M1_L_V1_2,img_675.jpg,552.7779541015625,273.5076904296875
0,1,M1_L_V1_2,img_720.jpg,531.5123291015625,346.7999572753906
1,1,M1_L_V1_2,img_765.jpg,545.5899658203125,238.07374572753903
1,1,M1_L_V1_2,img_810.jpg,445.159423828125,245.86331176757807
0,1,M1_L_V1_2,img_855.jpg,510.49603271484375,292.8935546875
1,1,M1_L_V1_2,img_900.jpg,511.37548828125,323.6058349609375
1,1,M1_L_V1_2,img_945.jpg,562.2564086914062,304.2848815917969
1,1,M1_L_V1_2,img_990.jpg,474.9822998046875,270.2094116210937
0,1,M1_L_V1_2,img_1035.jpg,503.0284118652344,320.87225341796875
0,0,M1_L_V1_2,img_1080.jpg,506.6017456054688,302.010009765625
0,0,M1_L_V1_2,img_1125.jpg,507.7243347167969,309.6464233398437
1,1,M1_L_V1_2,img_1170.jpg,507.4579772949219,265.85821533203125
0,1,M1_L_V1_2,img_1215.jpg,498.7160034179688,297.4211120605469
0,0,M1_L_V1_2,img_1260.jpg,525.2445068359375,357.7382202148437
1,1,M1_L_V1_2,img_1305.jpg,513.6835327148438,249.2512969970703
0,0,M1_L_V1_2,img_1350.jpg,497.8061218261719,302.4561767578125
1,1,M1_L_V1_2,img_1395.jpg,484.7474060058594,262.8730163574219
1,1,M1_L_V1_2,img_1440.jpg,483.83782958984375,251.6629180908203
0,0,M1_L_V1_2,img_1485.jpg,557.03271484375,256.9773254394531
0,1,M1_L_V1_2,img_1530.jpg,527.102294921875,336.58673095703125
1,1,M1_L_V1_2,img_1575.jpg,511.9537048339844,235.5683441162109
1,1,M1_L_V1_2,img_1620.jpg,497.101806640625,307.60797119140625
1,1,M1_L_V1_2,img_1665.jpg,494.460205078125,257.0274658203125
1,1,M1_L_V1_2,img_1710.jpg,562.3681030273438,275.4615478515625
0,0,M1_L_V2_1,img_0.jpg,584.5225830078125,243.73097229003903
0,0,M1_L_V2_1,img_45.jpg,584.49560546875,243.87530517578125
0,0,M1_L_V2_1,img_90.jpg,579.732177734375,257.7043151855469
0,0,M1_L_V2_1,img_135.jpg,446.059814453125,150.4652099609375
0,0,M1_L_V2_1,img_180.jpg,592.2839965820312,237.7652130126953
0,0,M1_L_V2_1,img_225.jpg,585.1260375976562,193.62635803222656
0,0,M1_L_V2_1,img_270.jpg,525.2662963867188,357.7784729003906
1,1,M1_L_V2_1,img_315.jpg,459.1493225097656,429.7127380371094
1,1,M1_L_V2_1,img_360.jpg,469.8375854492188,341.2008972167969
1,1,M1_L_V2_1,img_405.jpg,473.6917114257813,362.3217468261719
1,1,M1_L_V2_1,img_450.jpg,561.3109130859375,374.3424987792969
1,1,M1_L_V2_1,img_495.jpg,494.3573913574219,368.3397216796875
1,1,M1_L_V2_1,img_540.jpg,380.4368286132813,375.5410461425781
1,1,M1_L_V2_1,img_585.jpg,490.3326721191406,355.7247009277344
1,1,M1_L_V2_1,img_630.jpg,476.9314575195313,278.6976928710937
1,1,M1_L_V2_1,img_675.jpg,505.4825439453125,368.5513610839844
1,1,M1_L_V2_1,img_720.jpg,502.814208984375,345.4213562011719
1,1,M1_L_V2_1,img_765.jpg,423.7505798339844,322.7308654785156
1,1,M1_L_V2_1,img_810.jpg,500.3437194824219,353.2738342285156
1,1,M1_L_V2_1,img_855.jpg,505.7456359863281,345.8828430175781
1,1,M1_L_V2_1,img_900.jpg,556.5342407226562,357.21905517578125
1,1,M1_L_V2_1,img_945.jpg,424.3680114746094,327.22509765625
0,0,M1_L_V2_1,img_990.jpg,471.2194519042969,314.3250427246094
0,1,M1_L_V2_1,img_1035.jpg,519.2605590820312,370.5978393554688
1,1,M1_L_V2_1,img_1080.jpg,484.1605224609375,390.6442260742188
1,1,M1_L_V2_1,img_1125.jpg,514.4326782226562,329.690185546875
1,1,M1_L_V2_1,img_1170.jpg,616.0386962890625,335.49176025390625
1,1,M1_L_V2_1,img_1215.jpg,401.3670043945313,307.20867919921875
1,1,M1_L_V2_1,img_1260.jpg,498.0381774902344,313.67974853515625
1,1,M1_L_V2_1,img_1305.jpg,525.2574462890625,330.28497314453125
1,1,M1_L_V2_1,img_1350.jpg,515.8223876953125,311.5377197265625
1,1,M1_L_V2_1,img_1395.jpg,523.4077758789062,321.6125793457031
1,1,M1_L_V2_1,img_1440.jpg,531.4339599609375,323.382080078125
1,1,M1_L_V2_1,img_1485.jpg,531.1151733398438,320.9701843261719
0,1,M1_L_V2_1,img_1530.jpg,520.3438720703125,365.6639709472656
1,1,M1_L_V2_1,img_1575.jpg,513.1796264648438,294.33648681640625
0,1,M1_L_V2_1,img_1620.jpg,523.4388427734375,350.2826538085937
0,0,M1_L_V2_1,img_1665.jpg,405.1698913574219,356.22027587890625
1,1,M1_L_V2_1,img_1710.jpg,427.4523620605469,396.067626953125
0,0,M1_L_V2_2,img_0.jpg,552.6458129882812,292.736328125
1,0,M1_L_V2_2,img_45.jpg,452.84368896484375,390.7048034667969
0,0,M1_L_V2_2,img_90.jpg,501.8379821777344,381.6918640136719
1,0,M1_L_V2_2,img_135.jpg,551.271484375,324.74810791015625
1,0,M1_L_V2_2,img_180.jpg,458.54693603515625,310.58758544921875
1,0,M1_L_V2_2,img_225.jpg,492.111083984375,367.4532165527344
1,1,M1_L_V2_2,img_270.jpg,483.2662658691406,320.77374267578125
0,0,M1_L_V2_2,img_315.jpg,542.89697265625,347.8238830566406
1,1,M1_L_V2_2,img_360.jpg,522.3652954101562,269.2623291015625
1,1,M1_L_V2_2,img_405.jpg,502.1824340820313,272.99176025390625
1,1,M1_L_V2_2,img_450.jpg,526.51220703125,360.0191955566406
1,0,M1_L_V2_2,img_495.jpg,529.2608642578125,359.4196472167969
1,1,M1_L_V2_2,img_540.jpg,521.3792724609375,283.04998779296875
1,1,M1_L_V2_2,img_585.jpg,502.92138671875,294.7463073730469
1,1,M1_L_V2_2,img_630.jpg,502.2383117675781,339.7560729980469
1,1,M1_L_V2_2,img_675.jpg,515.9967651367188,297.02069091796875
1,1,M1_L_V2_2,img_720.jpg,616.6702880859375,278.2140808105469
0,1,M1_L_V2_2,img_765.jpg,519.8587036132812,284.8235168457031
1,1,M1_L_V2_2,img_810.jpg,522.6364135742188,261.10211181640625
1,1,M1_L_V2_2,img_855.jpg,512.0752563476562,202.8943634033203
1,1,M1_L_V2_2,img_900.jpg,443.8533630371094,263.652099609375
1,1,M1_L_V2_2,img_945.jpg,524.4669799804688,284.276123046875
0,1,M1_L_V2_2,img_990.jpg,505.1181640625,270.559326171875
1,1,M1_L_V2_2,img_1035.jpg,593.9638671875,325.46844482421875
1,0,M1_L_V2_2,img_1080.jpg,522.449951171875,326.8717041015625
1,1,M1_L_V2_2,img_1125.jpg,589.6502075195312,312.21197509765625
1,1,M1_L_V2_2,img_1170.jpg,521.5990600585938,298.7645874023437
1,1,M1_L_V2_2,img_1215.jpg,493.6354064941406,345.6440734863281
0,1,M1_L_V2_2,img_1260.jpg,511.3616333007813,312.28466796875
1,1,M1_L_V2_2,img_1305.jpg,609.5740966796875,311.5528259277344
1,1,M1_L_V2_2,img_1350.jpg,440.8825073242188,296.0346984863281
1,1,M1_L_V2_2,img_1395.jpg,510.3304443359375,266.00689697265625
0,1,M1_L_V2_2,img_1440.jpg,512.2081298828125,274.7663879394531
1,1,M1_L_V2_2,img_1485.jpg,537.9190063476562,321.232177734375
1,1,M1_L_V2_2,img_1530.jpg,626.0833129882812,323.614501953125
1,1,M1_L_V2_2,img_1575.jpg,444.7345581054688,330.83966064453125
1,1,M1_L_V2_2,img_1620.jpg,510.5994873046875,310.6784362792969
1,1,M1_L_V2_2,img_1665.jpg,495.06732177734375,411.8203430175781
0,1,M1_L_V2_2,img_1710.jpg,494.7453002929688,301.8525390625
0,0,M1_R_V1_1,img_0.jpg,539.778564453125,278.5872802734375
0,0,M1_R_V1_1,img_45.jpg,540.05615234375,278.84136962890625
0,0,M1_R_V1_1,img_90.jpg,519.684326171875,252.5072021484375
0,0,M1_R_V1_1,img_135.jpg,370.5749206542969,155.8816375732422
0,0,M1_R_V1_1,img_180.jpg,578.6519165039062,235.67567443847656
0,0,M1_R_V1_1,img_225.jpg,651.8074340820312,144.57894897460938
0,0,M1_R_V1_1,img_270.jpg,528.6161499023438,313.1776733398437
0,1,M1_R_V1_1,img_315.jpg,500.2650451660156,341.8215637207031
1,1,M1_R_V1_1,img_360.jpg,515.2959594726562,307.4992370605469
1,1,M1_R_V1_1,img_405.jpg,459.22601318359375,248.397705078125
1,1,M1_R_V1_1,img_450.jpg,475.31976318359375,244.8802795410156
1,1,M1_R_V1_1,img_495.jpg,605.370849609375,263.4547119140625
1,1,M1_R_V1_1,img_540.jpg,479.0695495605469,302.6195373535156
1,1,M1_R_V1_1,img_585.jpg,532.5610961914062,220.7974853515625
1,1,M1_R_V1_1,img_630.jpg,517.8576049804688,298.3508605957031
0,1,M1_R_V1_1,img_675.jpg,493.8614807128906,308.042236328125
1,1,M1_R_V1_1,img_720.jpg,468.7586975097656,275.27020263671875
1,1,M1_R_V1_1,img_765.jpg,561.39990234375,249.53341674804688
1,1,M1_R_V1_1,img_810.jpg,526.3720092773438,193.4407196044922
0,0,M1_R_V1_1,img_855.jpg,558.6422729492188,279.71502685546875
0,1,M1_R_V1_1,img_900.jpg,527.3831176757812,326.9295959472656
1,1,M1_R_V1_1,img_945.jpg,503.7254333496094,315.7110290527344
1,1,M1_R_V1_1,img_990.jpg,577.1492309570312,305.7000427246094
1,1,M1_R_V1_1,img_1035.jpg,562.5699462890625,321.3567199707031
1,1,M1_R_V1_1,img_1080.jpg,523.3779907226562,304.3050537109375
0,1,M1_R_V1_1,img_1125.jpg,531.3649291992188,283.9305725097656
1,0,M1_R_V1_1,img_1170.jpg,542.752197265625,296.08917236328125
0,0,M1_R_V1_1,img_1215.jpg,546.5704956054688,323.7499084472656
1,1,M1_R_V1_1,img_1260.jpg,527.5957641601562,322.629638671875
1,1,M1_R_V1_1,img_1305.jpg,592.0526733398438,325.1112365722656
1,1,M1_R_V1_1,img_1350.jpg,576.7724609375,284.1555480957031
1,1,M1_R_V1_1,img_1395.jpg,438.6773376464844,255.9752960205078
1,1,M1_R_V1_1,img_1440.jpg,604.9991455078125,286.57232666015625
1,1,M1_R_V1_1,img_1485.jpg,550.7520751953125,272.3851318359375
1,1,M1_R_V1_1,img_1530.jpg,485.64642333984375,264.8937072753906
1,1,M1_R_V1_1,img_1575.jpg,529.677734375,280.5120544433594
1,1,M1_R_V1_1,img_1620.jpg,520.3311157226562,223.0297698974609
0,0,M1_R_V1_1,img_1665.jpg,537.1162109375,331.7320251464844
0,0,M1_R_V1_1,img_1710.jpg,541.3753662109375,336.8977966308594
0,0,M1_R_V1_2,img_0.jpg,607.9306030273438,319.6531982421875
0,0,M1_R_V1_2,img_45.jpg,529.2562255859375,325.8625183105469
1,0,M1_R_V1_2,img_90.jpg,523.2240600585938,350.8397216796875
1,1,M1_R_V1_2,img_135.jpg,521.7753295898438,384.5538024902344
0,0,M1_R_V1_2,img_180.jpg,522.6611328125,321.4835510253906
0,0,M1_R_V1_2,img_225.jpg,612.0418701171875,335.5659484863281
0,0,M1_R_V1_2,img_270.jpg,523.5511474609375,325.116455078125
0,0,M1_R_V1_2,img_315.jpg,533.17041015625,317.1293640136719
1,1,M1_R_V1_2,img_360.jpg,535.177490234375,239.6534423828125
0,0,M1_R_V1_2,img_405.jpg,512.1417846679688,273.50164794921875
1,1,M1_R_V1_2,img_450.jpg,514.226318359375,227.32505798339844
1,1,M1_R_V1_2,img_495.jpg,475.7742309570313,233.22467041015625
1,1,M1_R_V1_2,img_540.jpg,483.5667419433594,231.9165496826172
1,1,M1_R_V1_2,img_585.jpg,522.7041625976562,294.6732177734375
1,1,M1_R_V1_2,img_630.jpg,465.1130981445313,238.3229217529297
1,1,M1_R_V1_2,img_675.jpg,513.1358642578125,256.6364440917969
1,1,M1_R_V1_2,img_720.jpg,500.4275512695313,239.03656005859372
0,0,M1_R_V1_2,img_765.jpg,490.431884765625,245.54193115234372
1,1,M1_R_V1_2,img_810.jpg,499.0771484375,229.0843963623047
1,1,M1_R_V1_2,img_855.jpg,521.6484985351562,229.1125946044922
1,1,M1_R_V1_2,img_900.jpg,508.4334716796875,325.8748474121094
1,1,M1_R_V1_2,img_945.jpg,588.66259765625,288.7810363769531
1,1,M1_R_V1_2,img_990.jpg,607.0093994140625,241.15673828125
1,1,M1_R_V1_2,img_1035.jpg,434.9710388183594,224.3927764892578
1,1,M1_R_V1_2,img_1080.jpg,522.1220703125,243.46910095214844
1,1,M1_R_V1_2,img_1125.jpg,518.1295776367188,256.08428955078125
1,1,M1_R_V1_2,img_1170.jpg,532.7655639648438,262.0531921386719
1,1,M1_R_V1_2,img_1215.jpg,539.737060546875,242.6212158203125
1,1,M1_R_V1_2,img_1260.jpg,553.8008422851562,270.06622314453125
0,0,M1_R_V1_2,img_1305.jpg,476.5261535644531,256.9652099609375
0,0,M1_R_V1_2,img_1350.jpg,496.9677429199219,313.1620178222656
1,1,M1_R_V1_2,img_1395.jpg,501.611572265625,228.867919921875
1,1,M1_R_V1_2,img_1440.jpg,571.5374755859375,288.12957763671875
1,1,M1_R_V1_2,img_1485.jpg,536.6896362304688,258.8694763183594
1,1,M1_R_V1_2,img_1530.jpg,517.698486328125,249.97386169433597
1,1,M1_R_V1_2,img_1575.jpg,505.4219055175781,318.9926147460937
1,1,M1_R_V1_2,img_1620.jpg,554.0253295898438,304.9505310058594
0,1,M1_R_V1_2,img_1665.jpg,518.2644653320312,242.13113403320312
1,1,M1_R_V1_2,img_1710.jpg,589.5117797851562,227.04200744628903
0,0,M1_R_V2_1,img_0.jpg,514.1478881835938,246.55941772460935
0,0,M1_R_V2_1,img_45.jpg,502.5767517089844,251.7196044921875
0,0,M1_R_V2_1,img_90.jpg,531.283203125,246.5770263671875
1,0,M1_R_V2_1,img_135.jpg,343.1039428710937,155.71429443359375
0,0,M1_R_V2_1,img_180.jpg,605.6557006835938,222.8453826904297
0,0,M1_R_V2_1,img_225.jpg,382.5344543457031,219.34197998046875
1,1,M1_R_V2_1,img_270.jpg,511.7489013671875,380.2141418457031
0,1,M1_R_V2_1,img_315.jpg,531.304443359375,361.8970947265625
1,1,M1_R_V2_1,img_360.jpg,515.3021850585938,277.6161804199219
1,1,M1_R_V2_1,img_405.jpg,391.3876647949219,293.87872314453125
1,1,M1_R_V2_1,img_450.jpg,588.6021728515625,305.40411376953125
1,1,M1_R_V2_1,img_495.jpg,591.3963623046875,302.66131591796875
1,1,M1_R_V2_1,img_540.jpg,576.8318481445312,333.54315185546875
1,1,M1_R_V2_1,img_585.jpg,544.20751953125,346.6937255859375
1,1,M1_R_V2_1,img_630.jpg,520.4986572265625,309.1507873535156
1,1,M1_R_V2_1,img_675.jpg,540.599853515625,317.4021911621094
1,1,M1_R_V2_1,img_720.jpg,530.9158935546875,226.3789825439453
1,1,M1_R_V2_1,img_765.jpg,528.8311767578125,359.1979675292969
0,0,M1_R_V2_1,img_810.jpg,563.6192626953125,331.71051025390625
1,1,M1_R_V2_1,img_855.jpg,597.7705078125,366.8565979003906
1,1,M1_R_V2_1,img_900.jpg,546.6262817382812,349.81005859375
1,1,M1_R_V2_1,img_945.jpg,450.52734375,351.90447998046875
1,1,M1_R_V2_1,img_990.jpg,619.3632202148438,362.9815673828125
1,1,M1_R_V2_1,img_1035.jpg,589.2797241210938,366.356201171875
1,1,M1_R_V2_1,img_1080.jpg,572.0367431640625,381.7287292480469
1,1,M1_R_V2_1,img_1125.jpg,555.0594482421875,331.0933837890625
0,0,M1_R_V2_1,img_1170.jpg,566.134765625,330.4867248535156
1,0,M1_R_V2_1,img_1215.jpg,551.1590576171875,307.9374084472656
0,1,M1_R_V2_1,img_1260.jpg,546.300537109375,385.2696838378906
0,0,M1_R_V2_1,img_1305.jpg,495.3868408203125,370.7122802734375
1,1,M1_R_V2_1,img_1350.jpg,491.71533203125,338.2428894042969
1,1,M1_R_V2_1,img_1395.jpg,487.7830505371094,300.9800720214844
1,1,M1_R_V2_1,img_1440.jpg,433.7088317871094,312.9748840332031
1,1,M1_R_V2_1,img_1485.jpg,569.5606689453125,330.1053161621094
1,1,M1_R_V2_1,img_1530.jpg,572.75146484375,320.4273376464844
1,1,M1_R_V2_1,img_1575.jpg,530.33837890625,338.99224853515625
1,1,M1_R_V2_1,img_1620.jpg,536.4827880859375,353.7102355957031
1,1,M1_R_V2_1,img_1665.jpg,502.3387756347656,330.11834716796875
1,1,M1_R_V2_1,img_1710.jpg,509.92767333984375,306.54522705078125
0,0,M1_R_V2_2,img_0.jpg,504.5535583496094,251.0828094482422
0,0,M1_R_V2_2,img_45.jpg,446.569091796875,286.3064880371094
0,0,M1_R_V2_2,img_90.jpg,443.8587341308594,331.92340087890625
1,1,M1_R_V2_2,img_135.jpg,509.9146118164063,356.9853820800781
0,0,M1_R_V2_2,img_180.jpg,517.9039306640625,329.7137145996094
1,0,M1_R_V2_2,img_225.jpg,475.7398071289063,355.5938415527344
1,1,M1_R_V2_2,img_270.jpg,512.53076171875,258.96044921875
1,1,M1_R_V2_2,img_315.jpg,500.35162353515625,255.40374755859372
1,1,M1_R_V2_2,img_360.jpg,510.6871948242188,296.89874267578125
1,1,M1_R_V2_2,img_405.jpg,592.423583984375,259.25701904296875
1,1,M1_R_V2_2,img_450.jpg,449.4360961914063,238.22698974609372
1,1,M1_R_V2_2,img_495.jpg,501.6769104003906,257.5531616210937
1,1,M1_R_V2_2,img_540.jpg,534.3038330078125,284.2123718261719
1,1,M1_R_V2_2,img_585.jpg,435.53363037109375,252.5533447265625
1,1,M1_R_V2_2,img_630.jpg,514.537841796875,269.3865966796875
1,1,M1_R_V2_2,img_675.jpg,541.551025390625,229.11399841308597
1,1,M1_R_V2_2,img_720.jpg,491.7464904785156,311.0357971191406
1,1,M1_R_V2_2,img_765.jpg,532.0296020507812,269.6914978027344
1,1,M1_R_V2_2,img_810.jpg,507.5804138183594,291.1795959472656
1,1,M1_R_V2_2,img_855.jpg,495.7848510742188,276.0152587890625
1,1,M1_R_V2_2,img_900.jpg,506.6212463378906,327.38409423828125
1,1,M1_R_V2_2,img_945.jpg,531.0596313476562,309.5675048828125
1,1,M1_R_V2_2,img_990.jpg,509.2328186035156,289.2579040527344
0,1,M1_R_V2_2,img_1035.jpg,445.6658935546875,262.2986145019531
0,0,M1_R_V2_2,img_1080.jpg,514.5482788085938,235.91444396972656
0,0,M1_R_V2_2,img_1125.jpg,532.4418334960938,315.97491455078125
1,1,M1_R_V2_2,img_1170.jpg,585.886962890625,294.3745422363281
1,1,M1_R_V2_2,img_1215.jpg,539.0823364257812,276.5859680175781
0,0,M1_R_V2_2,img_1260.jpg,434.9028625488281,331.1834716796875
1,1,M1_R_V2_2,img_1305.jpg,429.3450317382813,274.6671447753906
1,1,M1_R_V2_2,img_1350.jpg,446.3827209472656,307.45379638671875
0,0,M1_R_V2_2,img_1395.jpg,481.1168823242188,335.0616149902344
1,1,M1_R_V2_2,img_1440.jpg,509.0874328613281,312.2676086425781
0,0,M1_R_V2_2,img_1485.jpg,495.82806396484375,318.4946594238281
1,1,M1_R_V2_2,img_1530.jpg,525.752685546875,311.7994384765625
1,1,M1_R_V2_2,img_1575.jpg,488.5006103515625,345.5501708984375
1,1,M1_R_V2_2,img_1620.jpg,526.282470703125,284.9309997558594
1,1,M1_R_V2_2,img_1665.jpg,501.933837890625,373.7708435058594
1,1,M1_R_V2_2,img_1710.jpg,510.7030334472656,351.943603515625
0,0,M2_L_V1_1,img_0.jpg,559.2554321289062,222.67095947265625
0,0,M2_L_V1_1,img_45.jpg,559.315673828125,222.5933990478516
0,0,M2_L_V1_1,img_90.jpg,471.2002258300781,240.02012634277344
0,0,M2_L_V1_1,img_135.jpg,437.6267700195313,236.4739532470703
0,0,M2_L_V1_1,img_180.jpg,594.9528198242188,269.90478515625
0,0,M2_L_V1_1,img_225.jpg,464.2501220703125,245.020751953125
0,0,M2_L_V1_1,img_270.jpg,489.7887573242188,306.03448486328125
1,1,M2_L_V1_1,img_315.jpg,484.2250671386719,376.4869384765625
1,1,M2_L_V1_1,img_360.jpg,488.4158020019531,394.3447570800781
1,1,M2_L_V1_1,img_405.jpg,500.4451599121094,401.1622009277344
1,1,M2_L_V1_1,img_450.jpg,492.4741821289063,302.10211181640625
1,1,M2_L_V1_1,img_495.jpg,453.8150634765625,281.8345642089844
0,0,M2_L_V1_1,img_540.jpg,468.0715637207031,323.0954895019531
1,1,M2_L_V1_1,img_585.jpg,484.9609375,368.4093322753906
1,1,M2_L_V1_1,img_630.jpg,434.4103088378906,337.2747497558594
1,0,M2_L_V1_1,img_675.jpg,571.1541137695312,333.72509765625
0,0,M2_L_V1_1,img_720.jpg,484.8657531738281,303.9043273925781
1,1,M2_L_V1_1,img_765.jpg,508.7376403808594,366.2522583007813
1,1,M2_L_V1_1,img_810.jpg,500.5484008789063,396.8589477539063
1,1,M2_L_V1_1,img_855.jpg,501.3238830566406,318.5270690917969
1,1,M2_L_V1_1,img_900.jpg,506.8078002929688,289.815185546875
0,1,M2_L_V1_1,img_945.jpg,488.4230041503906,356.5341186523437
1,1,M2_L_V1_1,img_990.jpg,491.7290649414063,284.5809326171875
0,1,M2_L_V1_1,img_1035.jpg,479.1440124511719,368.2560424804688
1,1,M2_L_V1_1,img_1080.jpg,445.2273559570313,337.57373046875
1,1,M2_L_V1_1,img_1125.jpg,495.7589721679688,257.0040588378906
1,1,M2_L_V1_1,img_1170.jpg,492.2353210449219,373.0299987792969
1,1,M2_L_V1_1,img_1215.jpg,490.54248046875,338.1593322753906
1,1,M2_L_V1_1,img_1260.jpg,495.1390686035156,404.26507568359375
1,1,M2_L_V1_1,img_1305.jpg,538.1263427734375,322.80426025390625
1,1,M2_L_V1_1,img_1350.jpg,447.7353515625,339.4667663574219
1,1,M2_L_V1_1,img_1395.jpg,475.2488098144531,334.2950744628906
1,1,M2_L_V1_1,img_1440.jpg,469.3851318359375,324.21435546875
1,1,M2_L_V1_1,img_1485.jpg,468.9437255859375,297.99224853515625
1,1,M2_L_V1_1,img_1530.jpg,410.1031494140625,332.53424072265625
1,1,M2_L_V1_1,img_1575.jpg,560.8245849609375,309.4025573730469
1,1,M2_L_V1_1,img_1620.jpg,563.684326171875,290.91668701171875
1,1,M2_L_V1_1,img_1665.jpg,561.4412231445312,274.4317626953125
0,0,M2_L_V1_1,img_1710.jpg,526.111083984375,305.8104553222656
0,0,M2_L_V1_2,img_0.jpg,465.13287353515625,281.95037841796875
0,0,M2_L_V1_2,img_45.jpg,593.715576171875,302.3101501464844
1,0,M2_L_V1_2,img_90.jpg,509.2238159179688,288.67364501953125
1,0,M2_L_V1_2,img_135.jpg,533.4879760742188,307.4966125488281
1,1,M2_L_V1_2,img_180.jpg,537.896728515625,355.4700622558594
1,1,M2_L_V1_2,img_225.jpg,543.51171875,357.1587829589844
1,1,M2_L_V1_2,img_270.jpg,525.6104736328125,293.47186279296875
1,1,M2_L_V1_2,img_315.jpg,531.078369140625,328.6755676269531
0,0,M2_L_V1_2,img_360.jpg,553.6585083007812,311.0180053710937
1,0,M2_L_V1_2,img_405.jpg,550.9541625976562,333.19500732421875
0,1,M2_L_V1_2,img_450.jpg,556.533447265625,338.4144897460937
1,1,M2_L_V1_2,img_495.jpg,572.8594970703125,395.3394165039063
1,1,M2_L_V1_2,img_540.jpg,542.9539184570312,266.6378479003906
1,1,M2_L_V1_2,img_585.jpg,470.5003662109375,284.6423034667969
1,0,M2_L_V1_2,img_630.jpg,507.8653259277344,317.32830810546875
1,1,M2_L_V1_2,img_675.jpg,552.7129516601562,307.1734619140625
1,1,M2_L_V1_2,img_720.jpg,536.6944580078125,273.0816345214844
1,1,M2_L_V1_2,img_765.jpg,524.4524536132812,270.936767578125
1,1,M2_L_V1_2,img_810.jpg,530.8407592773438,328.3167419433594
1,1,M2_L_V1_2,img_855.jpg,565.2650146484375,371.9195861816406
0,0,M2_L_V1_2,img_900.jpg,552.39453125,308.8710021972656
1,0,M2_L_V1_2,img_945.jpg,563.8717041015625,306.4235534667969
1,1,M2_L_V1_2,img_990.jpg,571.5755615234375,329.0918273925781
1,1,M2_L_V1_2,img_1035.jpg,546.5245361328125,317.61480712890625
1,1,M2_L_V1_2,img_1080.jpg,597.86376953125,246.46725463867188
1,1,M2_L_V1_2,img_1125.jpg,545.1875610351562,280.3297424316406
1,1,M2_L_V1_2,img_1170.jpg,554.708740234375,342.9483947753906
1,1,M2_L_V1_2,img_1215.jpg,517.8873291015625,349.83673095703125
1,1,M2_L_V1_2,img_1260.jpg,514.2393798828125,347.22662353515625
1,1,M2_L_V1_2,img_1305.jpg,571.3870239257812,268.6517639160156
1,1,M2_L_V1_2,img_1350.jpg,515.4585571289062,242.7303771972656
0,0,M2_L_V1_2,img_1395.jpg,546.8419189453125,285.9515075683594
1,0,M2_L_V1_2,img_1440.jpg,502.4504089355469,355.8439025878906
1,1,M2_L_V1_2,img_1485.jpg,547.4910888671875,375.0388793945313
1,1,M2_L_V1_2,img_1530.jpg,497.81536865234375,297.8515319824219
1,1,M2_L_V1_2,img_1575.jpg,512.104736328125,277.1451110839844
1,1,M2_L_V1_2,img_1620.jpg,534.762939453125,306.08233642578125
1,1,M2_L_V1_2,img_1665.jpg,560.1021728515625,283.7300720214844
1,1,M2_L_V1_2,img_1710.jpg,534.38427734375,277.7821655273437
0,0,M2_L_V2_1,img_0.jpg,534.7432250976562,330.44708251953125
0,0,M2_L_V2_1,img_45.jpg,532.0738525390625,328.47833251953125
0,0,M2_L_V2_1,img_90.jpg,570.3330078125,243.573974609375
0,0,M2_L_V2_1,img_135.jpg,505.4261474609375,293.10467529296875
0,0,M2_L_V2_1,img_180.jpg,426.378662109375,307.85125732421875
0,0,M2_L_V2_1,img_225.jpg,675.7508544921875,301.5475769042969
0,0,M2_L_V2_1,img_270.jpg,482.1380615234375,319.6654052734375
0,0,M2_L_V2_1,img_315.jpg,392.69818115234375,420.6860656738281
0,0,M2_L_V2_1,img_360.jpg,375.54443359375,403.9762268066406
1,1,M2_L_V2_1,img_405.jpg,392.3201599121094,461.1280212402344
1,1,M2_L_V2_1,img_450.jpg,422.6626281738281,506.9224853515625
1,1,M2_L_V2_1,img_495.jpg,439.65960693359375,468.4710388183594
1,1,M2_L_V2_1,img_540.jpg,438.71588134765625,392.4475708007813
1,1,M2_L_V2_1,img_585.jpg,440.6761779785156,376.7251586914063
1,1,M2_L_V2_1,img_630.jpg,457.9253845214844,392.2379455566406
1,1,M2_L_V2_1,img_675.jpg,436.72412109375,401.0075988769531
1,1,M2_L_V2_1,img_720.jpg,448.3763122558594,385.7966613769531
1,1,M2_L_V2_1,img_765.jpg,392.5992736816406,402.1422119140625
0,0,M2_L_V2_1,img_810.jpg,473.2951049804688,354.3070678710937
0,0,M2_L_V2_1,img_855.jpg,477.5856018066406,381.2049255371094
0,0,M2_L_V2_1,img_900.jpg,500.5869445800781,334.5110168457031
0,0,M2_L_V2_1,img_945.jpg,527.0617065429688,360.79876708984375
1,1,M2_L_V2_1,img_990.jpg,520.4348754882812,396.959716796875
1,1,M2_L_V2_1,img_1035.jpg,495.0667419433594,373.3372497558594
1,1,M2_L_V2_1,img_1080.jpg,539.5263061523438,347.4307861328125
1,1,M2_L_V2_1,img_1125.jpg,499.1502380371094,299.4957275390625
1,1,M2_L_V2_1,img_1170.jpg,435.2635498046875,312.891845703125
1,1,M2_L_V2_1,img_1215.jpg,563.5655517578125,322.1334228515625
1,1,M2_L_V2_1,img_1260.jpg,585.4999389648438,317.86590576171875
1,1,M2_L_V2_1,img_1305.jpg,579.7630615234375,295.9301452636719
1,1,M2_L_V2_1,img_1350.jpg,505.67474365234375,432.1435241699219
1,1,M2_L_V2_1,img_1395.jpg,468.6957702636719,311.5767822265625
1,1,M2_L_V2_1,img_1440.jpg,471.8482666015625,265.3475036621094
0,0,M2_L_V2_1,img_1485.jpg,455.1898193359375,318.61444091796875
1,1,M2_L_V2_1,img_1530.jpg,514.4102783203125,413.0084838867188
1,1,M2_L_V2_1,img_1575.jpg,529.539794921875,438.3812255859375
1,1,M2_L_V2_1,img_1620.jpg,528.9485473632812,447.1473693847656
0,0,M2_L_V2_1,img_1665.jpg,472.9851684570313,323.802490234375
0,0,M2_L_V2_1,img_1710.jpg,577.770751953125,390.942626953125
0,0,M2_L_V2_2,img_0.jpg,538.3399658203125,397.20318603515625
0,0,M2_L_V2_2,img_45.jpg,526.7061767578125,398.41546630859375
0,0,M2_L_V2_2,img_90.jpg,565.63330078125,369.8398742675781
0,0,M2_L_V2_2,img_135.jpg,487.886962890625,326.4576721191406
0,0,M2_L_V2_2,img_180.jpg,464.7765808105469,387.3185729980469
0,0,M2_L_V2_2,img_225.jpg,546.783203125,355.24029541015625
1,1,M2_L_V2_2,img_270.jpg,559.8317260742188,399.8657531738281
1,1,M2_L_V2_2,img_315.jpg,522.9111328125,419.2854614257813
1,1,M2_L_V2_2,img_360.jpg,528.0420532226562,333.666015625
1,1,M2_L_V2_2,img_405.jpg,436.6717224121094,357.8655700683594
1,1,M2_L_V2_2,img_450.jpg,508.6151123046875,391.7827453613281
1,1,M2_L_V2_2,img_495.jpg,536.1429443359375,400.5547790527344
1,1,M2_L_V2_2,img_540.jpg,461.4151916503906,344.56939697265625
1,1,M2_L_V2_2,img_585.jpg,518.3736572265625,347.0692138671875
0,0,M2_L_V2_2,img_630.jpg,537.3477172851562,387.81439208984375
1,1,M2_L_V2_2,img_675.jpg,516.31494140625,423.7738952636719
1,1,M2_L_V2_2,img_720.jpg,515.4362182617188,353.8380432128906
1,1,M2_L_V2_2,img_765.jpg,550.4675903320312,346.2347106933594
1,1,M2_L_V2_2,img_810.jpg,521.1121215820312,418.88775634765625
1,1,M2_L_V2_2,img_855.jpg,475.66986083984375,443.0041809082031
1,1,M2_L_V2_2,img_900.jpg,482.209716796875,360.23974609375
1,1,M2_L_V2_2,img_945.jpg,534.353759765625,334.6148376464844
1,1,M2_L_V2_2,img_990.jpg,534.3690795898438,378.0439453125
1,1,M2_L_V2_2,img_1035.jpg,564.62353515625,457.0785827636719
1,1,M2_L_V2_2,img_1080.jpg,561.7713012695312,332.4059753417969
1,1,M2_L_V2_2,img_1125.jpg,551.3598022460938,393.8122863769531
1,1,M2_L_V2_2,img_1170.jpg,524.0628662109375,406.90771484375
1,1,M2_L_V2_2,img_1215.jpg,523.6199951171875,341.0050354003906
1,0,M2_L_V2_2,img_1260.jpg,541.5323486328125,411.8097839355469
1,1,M2_L_V2_2,img_1305.jpg,502.585205078125,473.2954406738281
0,0,M2_L_V2_2,img_1350.jpg,522.8916015625,370.230224609375
1,1,M2_L_V2_2,img_1395.jpg,516.6094970703125,324.1156616210937
0,0,M2_L_V2_2,img_1440.jpg,465.4393615722656,418.0152893066406
1,1,M2_L_V2_2,img_1485.jpg,440.8369445800781,366.1451416015625
0,0,M2_L_V2_2,img_1530.jpg,514.7838745117188,337.4651794433594
1,1,M2_L_V2_2,img_1575.jpg,530.2584228515625,367.7326354980469
1,1,M2_L_V2_2,img_1620.jpg,508.0694885253906,389.8402099609375
1,1,M2_L_V2_2,img_1665.jpg,608.6001586914062,364.2509765625
1,1,M2_L_V2_2,img_1710.jpg,596.5557861328125,356.5376281738281
0,0,M2_R_V1_1,img_0.jpg,522.0855102539062,161.54954528808594
0,0,M2_R_V1_1,img_45.jpg,527.9022216796875,186.36138916015625
0,0,M2_R_V1_1,img_90.jpg,470.4376220703125,198.9521942138672
0,0,M2_R_V1_1,img_135.jpg,354.3841857910156,242.35549926757807
0,0,M2_R_V1_1,img_180.jpg,490.5736083984375,189.11032104492188
0,0,M2_R_V1_1,img_225.jpg,686.5921020507812,168.25454711914062
0,0,M2_R_V1_1,img_270.jpg,441.1047058105469,149.48741149902344
0,0,M2_R_V1_1,img_315.jpg,390.0830993652344,220.25045776367188
0,0,M2_R_V1_1,img_360.jpg,427.196533203125,355.53887939453125
1,1,M2_R_V1_1,img_405.jpg,412.4274291992188,388.63970947265625
1,1,M2_R_V1_1,img_450.jpg,455.6393127441406,350.07086181640625
0,0,M2_R_V1_1,img_495.jpg,450.23626708984375,250.88067626953125
1,1,M2_R_V1_1,img_540.jpg,454.0738830566406,376.763427734375
1,1,M2_R_V1_1,img_585.jpg,440.3259887695313,392.2693176269531
1,1,M2_R_V1_1,img_630.jpg,407.5391540527344,346.9417419433594
1,1,M2_R_V1_1,img_675.jpg,540.810546875,374.4923706054688
0,1,M2_R_V1_1,img_720.jpg,587.873291015625,359.6012878417969
0,0,M2_R_V1_1,img_765.jpg,643.0877075195312,342.2733459472656
1,1,M2_R_V1_1,img_810.jpg,580.6802368164062,421.8304138183594
1,1,M2_R_V1_1,img_855.jpg,592.6373901367188,391.7861022949219
1,1,M2_R_V1_1,img_900.jpg,578.2177734375,355.6165466308594
1,1,M2_R_V1_1,img_945.jpg,555.0060424804688,367.0743103027344
1,1,M2_R_V1_1,img_990.jpg,639.710205078125,385.8312683105469
1,1,M2_R_V1_1,img_1035.jpg,592.7124633789062,401.7593078613281
1,1,M2_R_V1_1,img_1080.jpg,588.3970336914062,367.0092468261719
1,1,M2_R_V1_1,img_1125.jpg,588.9722900390625,362.0946960449219
1,1,M2_R_V1_1,img_1170.jpg,586.0968017578125,396.6236877441406
0,0,M2_R_V1_1,img_1215.jpg,602.4822387695312,298.8829650878906
1,1,M2_R_V1_1,img_1260.jpg,617.3878173828125,310.4414367675781
1,1,M2_R_V1_1,img_1305.jpg,608.549560546875,347.9223327636719
1,1,M2_R_V1_1,img_1350.jpg,603.4014892578125,324.7062072753906
1,1,M2_R_V1_1,img_1395.jpg,579.0726928710938,356.5445556640625
1,1,M2_R_V1_1,img_1440.jpg,565.7412109375,357.72174072265625
1,1,M2_R_V1_1,img_1485.jpg,566.1705322265625,298.691162109375
1,1,M2_R_V1_1,img_1530.jpg,512.4257202148438,305.1072998046875
1,1,M2_R_V1_1,img_1575.jpg,594.8836669921875,323.4469909667969
1,1,M2_R_V1_1,img_1620.jpg,625.8681640625,325.6070861816406
1,1,M2_R_V1_1,img_1665.jpg,588.6809692382812,330.0153503417969
1,1,M2_R_V1_1,img_1710.jpg,509.18060302734375,328.7060546875
0,0,M2_R_V1_2,img_0.jpg,562.0328369140625,290.1006774902344
0,0,M2_R_V1_2,img_45.jpg,660.7125244140625,281.6746520996094
0,0,M2_R_V1_2,img_90.jpg,559.8130493164062,288.7366027832031
1,0,M2_R_V1_2,img_135.jpg,458.0261535644531,283.4350280761719
0,0,M2_R_V1_2,img_180.jpg,480.18463134765625,284.1533203125
1,0,M2_R_V1_2,img_225.jpg,566.2651977539062,313.2166442871094
1,1,M2_R_V1_2,img_270.jpg,540.411865234375,338.4343566894531
1,1,M2_R_V1_2,img_315.jpg,527.1788940429688,242.3361358642578
1,1,M2_R_V1_2,img_360.jpg,572.0952758789062,269.66632080078125
0,1,M2_R_V1_2,img_405.jpg,538.4168701171875,284.1825866699219
1,1,M2_R_V1_2,img_450.jpg,480.4128112792969,293.8754272460937
1,1,M2_R_V1_2,img_495.jpg,507.4737548828125,235.1583709716797
1,1,M2_R_V1_2,img_540.jpg,492.0286254882813,251.96778869628903
1,1,M2_R_V1_2,img_585.jpg,508.5308227539063,218.36691284179688
1,1,M2_R_V1_2,img_630.jpg,541.691650390625,256.7859191894531
1,1,M2_R_V1_2,img_675.jpg,513.061279296875,246.19371032714844
1,1,M2_R_V1_2,img_720.jpg,509.0592651367188,214.35678100585935
1,1,M2_R_V1_2,img_765.jpg,557.1607666015625,262.3186950683594
1,1,M2_R_V1_2,img_810.jpg,567.9159545898438,239.78717041015625
1,1,M2_R_V1_2,img_855.jpg,559.6617431640625,229.34173583984372
1,1,M2_R_V1_2,img_900.jpg,458.3672790527344,239.2335357666016
1,1,M2_R_V1_2,img_945.jpg,522.8978271484375,245.114501953125
1,1,M2_R_V1_2,img_990.jpg,517.5366821289062,298.6071472167969
0,0,M2_R_V1_2,img_1035.jpg,512.345947265625,252.3786773681641
1,1,M2_R_V1_2,img_1080.jpg,544.6231079101562,381.3004760742188
0,0,M2_R_V1_2,img_1125.jpg,506.8538208007813,314.9313659667969
1,1,M2_R_V1_2,img_1170.jpg,513.0975341796875,268.3406982421875
1,0,M2_R_V1_2,img_1215.jpg,486.82806396484375,269.5093078613281
1,1,M2_R_V1_2,img_1260.jpg,508.7381591796875,277.314453125
1,1,M2_R_V1_2,img_1305.jpg,496.2750244140625,249.344970703125
1,1,M2_R_V1_2,img_1350.jpg,513.8546752929688,269.3464660644531
0,0,M2_R_V1_2,img_1395.jpg,474.3323974609375,258.6668701171875
1,1,M2_R_V1_2,img_1440.jpg,501.9905700683594,242.4466552734375
1,1,M2_R_V1_2,img_1485.jpg,503.4194030761719,224.80665588378903
1,1,M2_R_V1_2,img_1530.jpg,507.9902648925781,208.43365478515625
1,1,M2_R_V1_2,img_1575.jpg,514.1710205078125,266.8199462890625
1,1,M2_R_V1_2,img_1620.jpg,496.90338134765625,224.9762420654297
1,1,M2_R_V1_2,img_1665.jpg,468.4422912597656,263.8082580566406
1,1,M2_R_V1_2,img_1710.jpg,477.27825927734375,242.34754943847656
0,0,M2_R_V2_1,img_0.jpg,519.0999145507812,292.6058044433594
0,0,M2_R_V2_1,img_45.jpg,506.70703125,284.9374389648437
0,0,M2_R_V2_1,img_90.jpg,562.9624633789062,353.0489196777344
0,0,M2_R_V2_1,img_135.jpg,605.9700317382812,418.1397705078125
1,1,M2_R_V2_1,img_180.jpg,604.4071044921875,446.5186767578125
1,1,M2_R_V2_1,img_225.jpg,616.4804077148438,410.7136840820313
1,1,M2_R_V2_1,img_270.jpg,599.5426635742188,363.23626708984375
1,1,M2_R_V2_1,img_315.jpg,653.5413208007812,406.0409851074219
1,1,M2_R_V2_1,img_360.jpg,674.169921875,399.538330078125
1,1,M2_R_V2_1,img_405.jpg,558.2471923828125,422.5850524902344
1,1,M2_R_V2_1,img_450.jpg,622.9216918945312,416.593505859375
1,1,M2_R_V2_1,img_495.jpg,611.6411743164062,371.4360656738281
1,1,M2_R_V2_1,img_540.jpg,611.98291015625,389.6827087402344
1,1,M2_R_V2_1,img_585.jpg,610.0419921875,382.9083557128906
0,0,M2_R_V2_1,img_630.jpg,512.07275390625,319.319580078125
0,0,M2_R_V2_1,img_675.jpg,427.2364196777344,280.4505310058594
0,0,M2_R_V2_1,img_720.jpg,510.195068359375,233.9981842041016
0,0,M2_R_V2_1,img_765.jpg,448.4032897949219,299.1415405273437
0,0,M2_R_V2_1,img_810.jpg,383.96630859375,385.5570983886719
0,0,M2_R_V2_1,img_855.jpg,375.2333068847656,423.595458984375
1,1,M2_R_V2_1,img_900.jpg,401.1725769042969,483.5009765625
1,0,M2_R_V2_1,img_945.jpg,413.4363708496094,484.2297058105469
1,1,M2_R_V2_1,img_990.jpg,402.970458984375,438.9157409667969
1,1,M2_R_V2_1,img_1035.jpg,471.2088623046875,441.0809020996094
1,1,M2_R_V2_1,img_1080.jpg,424.4469909667969,449.984619140625
1,1,M2_R_V2_1,img_1125.jpg,416.9157409667969,422.1202392578125
1,1,M2_R_V2_1,img_1170.jpg,426.5816650390625,424.5977478027344
1,1,M2_R_V2_1,img_1215.jpg,488.2533874511719,438.7763977050781
0,0,M2_R_V2_1,img_1260.jpg,416.2723693847656,435.8002014160156
0,0,M2_R_V2_1,img_1305.jpg,483.0205383300781,334.04766845703125
0,0,M2_R_V2_1,img_1350.jpg,602.4862060546875,366.1384887695313
1,1,M2_R_V2_1,img_1395.jpg,580.1010131835938,388.4791870117188
1,1,M2_R_V2_1,img_1440.jpg,571.997314453125,336.735107421875
1,0,M2_R_V2_1,img_1485.jpg,521.1312866210938,340.40838623046875
1,1,M2_R_V2_1,img_1530.jpg,602.4385986328125,335.623291015625
1,1,M2_R_V2_1,img_1575.jpg,561.2767333984375,337.2565612792969
1,1,M2_R_V2_1,img_1620.jpg,540.1973876953125,331.7167053222656
1,1,M2_R_V2_1,img_1665.jpg,517.0873413085938,328.8210754394531
0,0,M2_R_V2_1,img_1710.jpg,594.6392822265625,344.8285522460937
0,0,M2_R_V2_2,img_0.jpg,555.4964599609375,354.972900390625
0,0,M2_R_V2_2,img_45.jpg,504.9772644042969,303.8177185058594
0,0,M2_R_V2_2,img_90.jpg,478.013671875,372.92529296875
1,0,M2_R_V2_2,img_135.jpg,624.602294921875,418.1485595703125
1,1,M2_R_V2_2,img_180.jpg,513.3796997070312,380.5006103515625
0,0,M2_R_V2_2,img_225.jpg,488.4561767578125,329.02703857421875
1,1,M2_R_V2_2,img_270.jpg,484.0067138671875,416.6747131347656
1,1,M2_R_V2_2,img_315.jpg,507.6096496582031,324.1686096191406
1,1,M2_R_V2_2,img_360.jpg,566.716796875,328.83056640625
1,1,M2_R_V2_2,img_405.jpg,485.8904113769531,343.52813720703125
1,1,M2_R_V2_2,img_450.jpg,525.53076171875,355.2392883300781
1,1,M2_R_V2_2,img_495.jpg,538.7452392578125,332.5460205078125
1,1,M2_R_V2_2,img_540.jpg,531.9755249023438,314.5926208496094
1,1,M2_R_V2_2,img_585.jpg,554.0328369140625,338.82830810546875
1,1,M2_R_V2_2,img_630.jpg,477.76800537109375,342.2251281738281
1,1,M2_R_V2_2,img_675.jpg,511.2868957519531,372.2394104003906
1,1,M2_R_V2_2,img_720.jpg,522.5707397460938,415.4468078613281
1,1,M2_R_V2_2,img_765.jpg,591.7498168945312,346.3860168457031
1,1,M2_R_V2_2,img_810.jpg,491.5307922363281,356.1046447753906
1,1,M2_R_V2_2,img_855.jpg,530.0368041992188,361.2873229980469
1,1,M2_R_V2_2,img_900.jpg,488.716552734375,358.85699462890625
1,1,M2_R_V2_2,img_945.jpg,513.6423950195312,309.9622497558594
1,1,M2_R_V2_2,img_990.jpg,524.61279296875,371.2669372558594
1,1,M2_R_V2_2,img_1035.jpg,523.893310546875,325.881591796875
1,1,M2_R_V2_2,img_1080.jpg,486.3648986816406,371.7763977050781
1,1,M2_R_V2_2,img_1125.jpg,530.9000244140625,340.2367248535156
1,1,M2_R_V2_2,img_1170.jpg,479.794189453125,321.01763916015625
1,1,M2_R_V2_2,img_1215.jpg,500.76025390625,346.61309814453125
1,1,M2_R_V2_2,img_1260.jpg,575.4083862304688,338.7314453125
1,1,M2_R_V2_2,img_1305.jpg,467.1547546386719,304.57275390625
1,0,M2_R_V2_2,img_1350.jpg,447.4326477050781,285.2650451660156
0,0,M2_R_V2_2,img_1395.jpg,449.6488037109375,333.9110717773437
1,1,M2_R_V2_2,img_1440.jpg,485.1423645019531,390.9687194824219
1,1,M2_R_V2_2,img_1485.jpg,486.8217468261719,319.6404113769531
1,0,M2_R_V2_2,img_1530.jpg,483.18310546875,313.2254333496094
1,0,M2_R_V2_2,img_1575.jpg,555.0882568359375,338.37213134765625
0,1,M2_R_V2_2,img_1620.jpg,612.5714111328125,362.357177734375
1,1,M2_R_V2_2,img_1665.jpg,526.999267578125,326.7954406738281
1,1,M2_R_V2_2,img_1710.jpg,573.4224243164062,347.01129150390625
1,0,M2_R_V2_2,img_1755.jpg,484.33740234375,328.7585144042969
0,0,M3_L_V1_1,img_0.jpg,507.4739685058594,336.3716125488281
0,0,M3_L_V1_1,img_45.jpg,474.8755798339844,359.1088562011719
0,0,M3_L_V1_1,img_90.jpg,459.69049072265625,392.8586730957031
0,0,M3_L_V1_1,img_135.jpg,603.91259765625,350.3956604003906
0,0,M3_L_V1_1,img_180.jpg,405.4175415039063,367.1694641113281
0,0,M3_L_V1_1,img_225.jpg,535.3217163085938,360.5500183105469
0,0,M3_L_V1_1,img_270.jpg,466.4376220703125,403.5695190429688
1,1,M3_L_V1_1,img_315.jpg,464.5816345214844,460.4617309570313
1,1,M3_L_V1_1,img_360.jpg,462.8728942871094,477.63427734375
1,1,M3_L_V1_1,img_405.jpg,458.5256958007813,387.1778259277344
1,1,M3_L_V1_1,img_450.jpg,515.3806762695312,398.51318359375
1,1,M3_L_V1_1,img_495.jpg,481.3952026367188,403.7249450683594
1,1,M3_L_V1_1,img_540.jpg,434.0962829589844,420.73736572265625
1,1,M3_L_V1_1,img_585.jpg,459.1961669921875,393.78369140625
1,1,M3_L_V1_1,img_630.jpg,447.7530212402344,434.0289611816406
0,1,M3_L_V1_1,img_675.jpg,463.0315246582031,443.6966857910156
1,1,M3_L_V1_1,img_720.jpg,455.0486755371094,380.8281555175781
1,1,M3_L_V1_1,img_765.jpg,452.6078186035156,438.5474243164063
0,0,M3_L_V1_1,img_810.jpg,434.8361206054688,393.8023376464844
0,1,M3_L_V1_1,img_855.jpg,470.3690185546875,422.072265625
1,1,M3_L_V1_1,img_900.jpg,447.4644165039063,463.0697326660156
1,1,M3_L_V1_1,img_945.jpg,462.2184448242188,364.2437744140625
1,1,M3_L_V1_1,img_990.jpg,339.8308410644531,367.1918640136719
1,1,M3_L_V1_1,img_1035.jpg,511.7734069824219,374.0016479492188
1,1,M3_L_V1_1,img_1080.jpg,462.2223510742188,413.9986572265625
1,1,M3_L_V1_1,img_1125.jpg,475.6920471191406,383.4819030761719
1,1,M3_L_V1_1,img_1170.jpg,453.236328125,378.3682556152344
1,1,M3_L_V1_1,img_1215.jpg,463.3239440917969,427.8071594238281
0,1,M3_L_V1_1,img_1260.jpg,467.3808288574219,408.2365417480469
1,1,M3_L_V1_1,img_1305.jpg,465.2291870117188,496.9723815917969
1,1,M3_L_V1_1,img_1350.jpg,446.0263366699219,438.070556640625
1,1,M3_L_V1_1,img_1395.jpg,510.92523193359375,403.4071044921875
1,1,M3_L_V1_1,img_1440.jpg,414.107421875,421.9641723632813
1,1,M3_L_V1_1,img_1485.jpg,482.8193664550781,413.2877197265625
1,1,M3_L_V1_1,img_1530.jpg,459.6792602539063,441.9350280761719
1,1,M3_L_V1_1,img_1575.jpg,460.57275390625,408.5040893554688
1,1,M3_L_V1_1,img_1620.jpg,472.19537353515625,412.53369140625
1,1,M3_L_V1_1,img_1665.jpg,460.0212707519531,422.4613342285156
1,1,M3_L_V1_1,img_1710.jpg,458.911865234375,366.4134826660156
0,0,M3_L_V1_2,img_0.jpg,501.1194763183594,442.0458984375
0,0,M3_L_V1_2,img_45.jpg,527.58544921875,446.4199523925781
0,0,M3_L_V1_2,img_90.jpg,407.4921569824219,388.5866394042969
0,1,M3_L_V1_2,img_135.jpg,471.02484130859375,442.5078125
0,1,M3_L_V1_2,img_180.jpg,500.52392578125,393.5402526855469
1,0,M3_L_V1_2,img_225.jpg,516.5647583007812,398.2661437988281
1,1,M3_L_V1_2,img_270.jpg,507.9099731445313,386.4703674316406
1,1,M3_L_V1_2,img_315.jpg,508.4813537597656,303.82586669921875
1,1,M3_L_V1_2,img_360.jpg,507.41888427734375,307.23931884765625
1,1,M3_L_V1_2,img_405.jpg,411.1385498046875,350.3779602050781
1,1,M3_L_V1_2,img_450.jpg,496.1985473632813,326.0365905761719
1,1,M3_L_V1_2,img_495.jpg,492.1930236816406,334.78857421875
1,1,M3_L_V1_2,img_540.jpg,492.4444885253906,398.2019958496094
1,1,M3_L_V1_2,img_585.jpg,492.065673828125,323.8338623046875
1,1,M3_L_V1_2,img_630.jpg,493.9535827636719,308.27734375
1,1,M3_L_V1_2,img_675.jpg,492.4164123535156,326.1155700683594
1,1,M3_L_V1_2,img_720.jpg,492.5215148925781,326.2941589355469
1,1,M3_L_V1_2,img_765.jpg,503.6260681152344,291.2855529785156
1,1,M3_L_V1_2,img_810.jpg,501.69580078125,355.6285400390625
1,1,M3_L_V1_2,img_855.jpg,540.1790771484375,356.0809326171875
1,1,M3_L_V1_2,img_900.jpg,531.0718994140625,429.988037109375
1,1,M3_L_V1_2,img_945.jpg,483.4735412597656,470.2453918457031
0,0,M3_L_V1_2,img_990.jpg,507.93402099609375,405.3438720703125
1,1,M3_L_V1_2,img_1035.jpg,436.978759765625,427.71630859375
1,1,M3_L_V1_2,img_1080.jpg,474.3331604003906,450.5686340332031
1,1,M3_L_V1_2,img_1125.jpg,503.7367858886719,345.7471618652344
1,1,M3_L_V1_2,img_1170.jpg,475.6304016113281,323.7100524902344
1,1,M3_L_V1_2,img_1215.jpg,409.8771057128906,350.9091186523437
0,1,M3_L_V1_2,img_1260.jpg,501.56781005859375,368.009765625
0,0,M3_L_V1_2,img_1305.jpg,424.5216979980469,410.5890808105469
1,1,M3_L_V1_2,img_1350.jpg,454.3998107910156,318.87109375
1,1,M3_L_V1_2,img_1395.jpg,481.6193237304688,342.88995361328125
0,1,M3_L_V1_2,img_1440.jpg,468.21820068359375,358.3119201660156
1,1,M3_L_V1_2,img_1485.jpg,540.0370483398438,454.2877807617188
1,1,M3_L_V1_2,img_1530.jpg,524.7273559570312,315.8052978515625
1,1,M3_L_V1_2,img_1575.jpg,538.6103515625,326.4747314453125
1,0,M3_L_V1_2,img_1620.jpg,518.8668212890625,376.56927490234375
1,1,M3_L_V1_2,img_1665.jpg,511.629638671875,294.3553161621094
1,1,M3_L_V1_2,img_1710.jpg,576.199951171875,293.42205810546875
0,0,M3_L_V2_1,img_0.jpg,559.72900390625,198.32278442382807
0,0,M3_L_V2_1,img_45.jpg,561.6024169921875,196.44680786132807
0,0,M3_L_V2_1,img_90.jpg,532.6817016601562,193.6372528076172
0,0,M3_L_V2_1,img_135.jpg,784.499267578125,171.12721252441406
0,0,M3_L_V2_1,img_180.jpg,455.0188598632813,183.1210479736328
0,0,M3_L_V2_1,img_225.jpg,503.8334045410156,264.3203430175781
1,0,M3_L_V2_1,img_270.jpg,483.96038818359375,341.8103942871094
1,1,M3_L_V2_1,img_315.jpg,486.491455078125,427.5984191894531
1,1,M3_L_V2_1,img_360.jpg,491.2093811035156,432.1472778320313
1,1,M3_L_V2_1,img_405.jpg,502.1009521484375,353.7294311523437
1,1,M3_L_V2_1,img_450.jpg,450.1693115234375,298.7809753417969
1,1,M3_L_V2_1,img_495.jpg,500.4843444824219,313.970947265625
1,1,M3_L_V2_1,img_540.jpg,563.07666015625,318.72674560546875
1,1,M3_L_V2_1,img_585.jpg,494.66412353515625,249.2466735839844
0,0,M3_L_V2_1,img_630.jpg,466.4847717285156,379.5418090820313
1,1,M3_L_V2_1,img_675.jpg,525.4560546875,303.09454345703125
1,1,M3_L_V2_1,img_720.jpg,530.7554931640625,366.5687561035156
1,1,M3_L_V2_1,img_765.jpg,529.5271606445312,412.6834716796875
1,1,M3_L_V2_1,img_810.jpg,514.311767578125,289.5407409667969
1,1,M3_L_V2_1,img_855.jpg,528.4303588867188,301.9568176269531
1,1,M3_L_V2_1,img_900.jpg,491.9531555175781,324.2245483398437
1,1,M3_L_V2_1,img_945.jpg,512.7936401367188,246.59817504882807
0,0,M3_L_V2_1,img_990.jpg,513.376220703125,335.4601135253906
1,1,M3_L_V2_1,img_1035.jpg,531.1950073242188,383.4014892578125
1,1,M3_L_V2_1,img_1080.jpg,512.5020751953125,274.1417236328125
1,1,M3_L_V2_1,img_1125.jpg,503.7831115722656,268.9099426269531
0,0,M3_L_V2_1,img_1170.jpg,457.40228271484375,298.443115234375
0,0,M3_L_V2_1,img_1215.jpg,472.5314636230469,263.33966064453125
0,0,M3_L_V2_1,img_1260.jpg,472.4202880859375,263.0479736328125
0,1,M3_L_V2_1,img_1305.jpg,479.3062133789063,312.3179626464844
1,1,M3_L_V2_1,img_1350.jpg,502.3543701171875,359.3629455566406
1,1,M3_L_V2_1,img_1395.jpg,503.8827209472656,362.7327575683594
1,1,M3_L_V2_1,img_1440.jpg,489.85107421875,278.06719970703125
1,1,M3_L_V2_1,img_1485.jpg,523.4808349609375,245.0076904296875
1,1,M3_L_V2_1,img_1530.jpg,582.2181396484375,249.13970947265625
1,1,M3_L_V2_1,img_1575.jpg,418.6556091308594,274.0392150878906
1,1,M3_L_V2_1,img_1620.jpg,500.3291015625,282.0660400390625
1,1,M3_L_V2_1,img_1665.jpg,482.3868713378906,265.089599609375
1,1,M3_L_V2_1,img_1710.jpg,491.0379333496094,203.31097412109372
0,0,M3_L_V2_2,img_0.jpg,525.2291870117188,267.51971435546875
0,0,M3_L_V2_2,img_45.jpg,597.8772583007812,238.0254669189453
0,0,M3_L_V2_2,img_90.jpg,496.3058471679688,267.2748718261719
0,0,M3_L_V2_2,img_135.jpg,432.0675964355469,354.08563232421875
0,0,M3_L_V2_2,img_180.jpg,544.08544921875,271.11456298828125
0,0,M3_L_V2_2,img_225.jpg,476.92584228515625,275.046875
0,0,M3_L_V2_2,img_270.jpg,539.1243896484375,288.656494140625
1,1,M3_L_V2_2,img_315.jpg,505.8720703125,348.873046875
0,1,M3_L_V2_2,img_360.jpg,530.7880859375,292.65283203125
1,1,M3_L_V2_2,img_405.jpg,521.584716796875,254.57701110839844
1,1,M3_L_V2_2,img_450.jpg,524.9730224609375,216.85177612304688
1,1,M3_L_V2_2,img_495.jpg,569.2151489257812,204.28636169433597
1,1,M3_L_V2_2,img_540.jpg,452.3787231445313,228.776611328125
1,1,M3_L_V2_2,img_585.jpg,510.0814208984375,205.95407104492188
1,1,M3_L_V2_2,img_630.jpg,558.5640258789062,212.25125122070312
1,1,M3_L_V2_2,img_675.jpg,510.6205139160156,233.0875396728516
1,1,M3_L_V2_2,img_720.jpg,526.923095703125,301.6871643066406
0,0,M3_L_V2_2,img_765.jpg,502.786376953125,293.2270202636719
1,1,M3_L_V2_2,img_810.jpg,511.89453125,335.58221435546875
1,1,M3_L_V2_2,img_855.jpg,522.5888671875,279.43096923828125
1,1,M3_L_V2_2,img_900.jpg,508.5420837402344,207.79592895507807
1,1,M3_L_V2_2,img_945.jpg,540.9598388671875,221.30455017089844
1,1,M3_L_V2_2,img_990.jpg,500.6718444824219,320.9526062011719
0,0,M3_L_V2_2,img_1035.jpg,479.84521484375,289.401611328125
1,1,M3_L_V2_2,img_1080.jpg,458.6113586425781,247.24270629882807
1,1,M3_L_V2_2,img_1125.jpg,543.3597412109375,259.488525390625
1,1,M3_L_V2_2,img_1170.jpg,505.7353515625,228.89215087890625
1,1,M3_L_V2_2,img_1215.jpg,502.537109375,257.5528869628906
1,1,M3_L_V2_2,img_1260.jpg,501.1590270996094,300.4294738769531
1,1,M3_L_V2_2,img_1305.jpg,547.3364868164062,339.6040344238281
1,1,M3_L_V2_2,img_1350.jpg,545.8095092773438,216.9713592529297
0,0,M3_L_V2_2,img_1395.jpg,528.4230346679688,249.9814453125
1,1,M3_L_V2_2,img_1440.jpg,547.0369262695312,355.2392883300781
1,1,M3_L_V2_2,img_1485.jpg,515.796630859375,323.4170837402344
1,1,M3_L_V2_2,img_1530.jpg,611.5105590820312,257.3759460449219
1,1,M3_L_V2_2,img_1575.jpg,493.00921630859375,249.52420043945312
1,1,M3_L_V2_2,img_1620.jpg,509.7168273925781,224.4341278076172
1,1,M3_L_V2_2,img_1665.jpg,511.92626953125,294.6893005371094
0,0,M3_L_V2_2,img_1710.jpg,534.9794311523438,252.36888122558597
0,0,M3_R_V1_1,img_0.jpg,455.0782165527344,380.8283386230469
1,0,M3_R_V1_1,img_45.jpg,454.8656311035156,381.0049133300781
0,0,M3_R_V1_1,img_90.jpg,300.8329772949219,315.0294189453125
0,0,M3_R_V1_1,img_135.jpg,445.2456359863281,347.4951171875
0,0,M3_R_V1_1,img_180.jpg,458.6294250488281,352.1908874511719
1,0,M3_R_V1_1,img_225.jpg,447.38665771484375,347.5838928222656
0,0,M3_R_V1_1,img_270.jpg,447.5108337402344,347.5859680175781
0,0,M3_R_V1_1,img_315.jpg,444.6658935546875,355.1298522949219
1,1,M3_R_V1_1,img_360.jpg,465.0305480957031,452.7296447753906
1,1,M3_R_V1_1,img_405.jpg,453.6283264160156,450.1623229980469
1,1,M3_R_V1_1,img_450.jpg,454.8580017089844,360.8017578125
1,1,M3_R_V1_1,img_495.jpg,450.8530883789063,422.2757873535156
1,1,M3_R_V1_1,img_540.jpg,408.5760803222656,382.378173828125
1,1,M3_R_V1_1,img_585.jpg,434.4331359863281,383.1538696289063
1,1,M3_R_V1_1,img_630.jpg,523.0728149414062,385.8368835449219
1,1,M3_R_V1_1,img_675.jpg,480.5958251953125,364.8097839355469
1,1,M3_R_V1_1,img_720.jpg,480.5849609375,419.8605041503906
1,1,M3_R_V1_1,img_765.jpg,468.5550231933594,437.3953247070313
1,1,M3_R_V1_1,img_810.jpg,479.72174072265625,418.7826843261719
1,1,M3_R_V1_1,img_855.jpg,484.6539611816406,427.3989868164063
1,1,M3_R_V1_1,img_900.jpg,471.9288940429688,362.0591430664063
1,1,M3_R_V1_1,img_945.jpg,473.0746154785156,372.4752197265625
0,1,M3_R_V1_1,img_990.jpg,469.0915222167969,425.455322265625
1,0,M3_R_V1_1,img_1035.jpg,443.7918701171875,354.1001281738281
0,0,M3_R_V1_1,img_1080.jpg,453.3308410644531,349.7332458496094
1,0,M3_R_V1_1,img_1125.jpg,464.4378356933594,415.2210388183594
1,1,M3_R_V1_1,img_1170.jpg,460.9705810546875,470.310791015625
1,1,M3_R_V1_1,img_1215.jpg,465.2040710449219,462.0588073730469
1,1,M3_R_V1_1,img_1260.jpg,411.2288513183594,410.834716796875
1,1,M3_R_V1_1,img_1305.jpg,493.4631652832031,413.39691162109375
1,1,M3_R_V1_1,img_1350.jpg,542.0140991210938,415.65380859375
1,1,M3_R_V1_1,img_1395.jpg,447.3995361328125,412.4109802246094
1,1,M3_R_V1_1,img_1440.jpg,467.6047973632813,397.17919921875
1,1,M3_R_V1_1,img_1485.jpg,465.9330139160156,414.6500854492188
1,1,M3_R_V1_1,img_1530.jpg,494.4397888183594,423.0541076660156
1,1,M3_R_V1_1,img_1575.jpg,418.4468688964844,387.430908203125
1,1,M3_R_V1_1,img_1620.jpg,506.9674682617188,406.7313537597656
1,1,M3_R_V1_1,img_1665.jpg,461.8274841308594,374.1624450683594
1,1,M3_R_V1_1,img_1710.jpg,457.2626647949219,366.8831787109375
0,0,M3_R_V1_2,img_0.jpg,436.03070068359375,343.4551696777344
0,0,M3_R_V1_2,img_45.jpg,557.0543823242188,402.9673767089844
1,1,M3_R_V1_2,img_90.jpg,486.5988464355469,443.3230590820313
1,1,M3_R_V1_2,img_135.jpg,537.856201171875,407.2870788574219
1,0,M3_R_V1_2,img_180.jpg,453.35345458984375,355.8964233398437
1,0,M3_R_V1_2,img_225.jpg,420.4837341308594,331.4118957519531
1,1,M3_R_V1_2,img_270.jpg,443.9836120605469,508.6902770996094
1,1,M3_R_V1_2,img_315.jpg,496.3253784179688,419.2047119140625
1,1,M3_R_V1_2,img_360.jpg,476.1904296875,408.2250671386719
1,1,M3_R_V1_2,img_405.jpg,493.8564453125,363.328125
1,1,M3_R_V1_2,img_450.jpg,477.4501647949219,366.1646118164063
1,0,M3_R_V1_2,img_495.jpg,484.115234375,388.47509765625
1,1,M3_R_V1_2,img_540.jpg,479.3806762695313,342.16094970703125
1,1,M3_R_V1_2,img_585.jpg,561.4395751953125,331.4722595214844
1,1,M3_R_V1_2,img_630.jpg,473.1914367675781,320.34429931640625
1,1,M3_R_V1_2,img_675.jpg,492.1529235839844,329.34490966796875
1,1,M3_R_V1_2,img_720.jpg,488.3460998535156,441.3990478515625
1,1,M3_R_V1_2,img_765.jpg,542.5892333984375,420.147705078125
1,1,M3_R_V1_2,img_810.jpg,517.360595703125,327.0313720703125
1,1,M3_R_V1_2,img_855.jpg,588.68896484375,320.7169189453125
1,1,M3_R_V1_2,img_900.jpg,563.6761474609375,371.8820495605469
1,1,M3_R_V1_2,img_945.jpg,420.1360473632813,405.2630920410156
1,1,M3_R_V1_2,img_990.jpg,390.9737854003906,326.3332214355469
1,1,M3_R_V1_2,img_1035.jpg,471.5311584472656,326.5228576660156
1,1,M3_R_V1_2,img_1080.jpg,473.4693908691406,359.9484558105469
1,1,M3_R_V1_2,img_1125.jpg,492.8985290527344,363.9916687011719
0,1,M3_R_V1_2,img_1170.jpg,462.4769592285156,332.0660705566406
0,0,M3_R_V1_2,img_1215.jpg,448.62115478515625,340.8681335449219
1,1,M3_R_V1_2,img_1260.jpg,481.9960632324219,318.90216064453125
0,0,M3_R_V1_2,img_1305.jpg,477.7716674804688,377.6215515136719
1,1,M3_R_V1_2,img_1350.jpg,491.9455261230469,349.84136962890625
1,1,M3_R_V1_2,img_1395.jpg,503.0623474121094,385.9407653808594
1,1,M3_R_V1_2,img_1440.jpg,507.1358642578125,326.0086669921875
1,1,M3_R_V1_2,img_1485.jpg,561.3264770507812,374.5939331054688
1,1,M3_R_V1_2,img_1530.jpg,460.6276550292969,358.9234313964844
1,1,M3_R_V1_2,img_1575.jpg,520.0652465820312,332.0364990234375
1,1,M3_R_V1_2,img_1620.jpg,496.10498046875,380.74163818359375
0,0,M3_R_V1_2,img_1665.jpg,478.6680603027344,359.1310729980469
1,0,M3_R_V1_2,img_1710.jpg,495.3738708496094,424.358154296875
0,0,M3_R_V2_1,img_0.jpg,543.4366455078125,238.60777282714844
0,0,M3_R_V2_1,img_45.jpg,552.2466430664062,349.0918273925781
1,1,M3_R_V2_1,img_90.jpg,548.1517333984375,374.7182312011719
1,1,M3_R_V2_1,img_135.jpg,553.2261962890625,306.54156494140625
1,1,M3_R_V2_1,img_180.jpg,524.5577392578125,258.1567687988281
1,1,M3_R_V2_1,img_225.jpg,450.49810791015625,273.0472106933594
1,1,M3_R_V2_1,img_270.jpg,562.8817749023438,275.6944885253906
1,1,M3_R_V2_1,img_315.jpg,557.0167846679688,275.3575439453125
1,1,M3_R_V2_1,img_360.jpg,567.6369018554688,312.4129943847656
1,1,M3_R_V2_1,img_405.jpg,547.1112060546875,297.423583984375
1,1,M3_R_V2_1,img_450.jpg,545.039306640625,257.33465576171875
1,1,M3_R_V2_1,img_495.jpg,549.28076171875,295.15386962890625
1,1,M3_R_V2_1,img_540.jpg,544.967529296875,220.3730926513672
0,1,M3_R_V2_1,img_585.jpg,550.31982421875,295.7335510253906
1,0,M3_R_V2_1,img_630.jpg,556.7229614257812,279.6703491210937
0,0,M3_R_V2_1,img_675.jpg,492.8462829589844,259.8273010253906
1,1,M3_R_V2_1,img_720.jpg,492.793212890625,336.9833679199219
1,1,M3_R_V2_1,img_765.jpg,497.6904602050781,331.885498046875
1,1,M3_R_V2_1,img_810.jpg,499.30072021484375,236.27598571777344
1,1,M3_R_V2_1,img_855.jpg,508.2702941894531,254.9488677978516
1,1,M3_R_V2_1,img_900.jpg,591.6768188476562,275.6216125488281
1,1,M3_R_V2_1,img_945.jpg,457.95306396484375,279.5376281738281
1,1,M3_R_V2_1,img_990.jpg,508.0891418457031,282.9829406738281
1,1,M3_R_V2_1,img_1035.jpg,505.2817077636719,289.01318359375
1,1,M3_R_V2_1,img_1080.jpg,505.8778381347656,256.1825561523437
1,1,M3_R_V2_1,img_1125.jpg,507.2377624511719,250.61663818359372
1,1,M3_R_V2_1,img_1170.jpg,509.1014099121094,279.5282897949219
0,0,M3_R_V2_1,img_1215.jpg,514.0813598632812,283.49420166015625
0,0,M3_R_V2_1,img_1260.jpg,512.3429565429688,233.16458129882807
0,0,M3_R_V2_1,img_1305.jpg,590.6276245117188,313.8491516113281
1,1,M3_R_V2_1,img_1350.jpg,592.8681640625,421.5620727539063
1,1,M3_R_V2_1,img_1395.jpg,587.62890625,397.8346557617188
1,1,M3_R_V2_1,img_1440.jpg,580.745361328125,299.9527282714844
1,1,M3_R_V2_1,img_1485.jpg,578.45751953125,282.0140686035156
0,1,M3_R_V2_1,img_1530.jpg,575.9907836914062,319.85791015625
1,1,M3_R_V2_1,img_1575.jpg,483.2964172363281,346.3392944335937
1,1,M3_R_V2_1,img_1620.jpg,497.34271240234375,238.03289794921875
1,1,M3_R_V2_1,img_1665.jpg,499.3777160644531,346.04718017578125
1,1,M3_R_V2_1,img_1710.jpg,410.2310180664063,328.69122314453125
0,0,M3_R_V2_2,img_0.jpg,498.61907958984375,276.5102233886719
1,0,M3_R_V2_2,img_45.jpg,462.20843505859375,228.3124542236328
1,1,M3_R_V2_2,img_90.jpg,499.4254455566406,336.9647216796875
1,0,M3_R_V2_2,img_135.jpg,519.317138671875,283.06549072265625
1,0,M3_R_V2_2,img_180.jpg,460.6725158691406,275.8022766113281
1,1,M3_R_V2_2,img_225.jpg,422.1638793945313,406.64935302734375
1,1,M3_R_V2_2,img_270.jpg,448.8221740722656,291.9644470214844
1,0,M3_R_V2_2,img_315.jpg,511.3221130371094,247.62527465820312
1,0,M3_R_V2_2,img_360.jpg,480.72406005859375,299.32427978515625
1,1,M3_R_V2_2,img_405.jpg,481.1765747070313,315.5389404296875
1,1,M3_R_V2_2,img_450.jpg,502.6968383789063,222.071044921875
1,1,M3_R_V2_2,img_495.jpg,537.922607421875,227.5259246826172
1,1,M3_R_V2_2,img_540.jpg,562.2633666992188,241.4047088623047
1,1,M3_R_V2_2,img_585.jpg,478.9573974609375,206.58680725097656
1,1,M3_R_V2_2,img_630.jpg,489.4767150878906,260.0609436035156
1,1,M3_R_V2_2,img_675.jpg,485.1849670410156,286.6418151855469
1,1,M3_R_V2_2,img_720.jpg,489.5891723632813,232.5554656982422
1,1,M3_R_V2_2,img_765.jpg,483.2844543457031,226.12103271484372
1,1,M3_R_V2_2,img_810.jpg,441.6091918945313,238.0341644287109
0,1,M3_R_V2_2,img_855.jpg,488.46783447265625,297.79461669921875
1,1,M3_R_V2_2,img_900.jpg,483.6878967285156,315.4892578125
1,0,M3_R_V2_2,img_945.jpg,461.3505554199219,274.4187316894531
1,0,M3_R_V2_2,img_990.jpg,461.3751831054688,285.2279052734375
0,0,M3_R_V2_2,img_1035.jpg,464.5924682617188,310.04949951171875
1,1,M3_R_V2_2,img_1080.jpg,485.169921875,206.5693206787109
1,1,M3_R_V2_2,img_1125.jpg,467.17913818359375,214.0277557373047
1,1,M3_R_V2_2,img_1170.jpg,495.2307434082031,251.91270446777344
1,1,M3_R_V2_2,img_1215.jpg,569.2772216796875,240.56544494628903
1,1,M3_R_V2_2,img_1260.jpg,585.6753540039062,232.3992919921875
1,1,M3_R_V2_2,img_1305.jpg,406.3775329589844,250.06500244140625
1,1,M3_R_V2_2,img_1350.jpg,386.9931945800781,230.39132690429688
1,1,M3_R_V2_2,img_1395.jpg,477.8738098144531,295.946533203125
1,1,M3_R_V2_2,img_1440.jpg,523.0164794921875,309.867431640625
1,1,M3_R_V2_2,img_1485.jpg,609.240478515625,207.2401123046875
1,1,M3_R_V2_2,img_1530.jpg,483.4220581054688,223.8296356201172
1,1,M3_R_V2_2,img_1575.jpg,575.5115356445312,247.42608642578125
1,0,M3_R_V2_2,img_1620.jpg,540.8568115234375,204.98643493652344
1,1,M3_R_V2_2,img_1665.jpg,403.239013671875,316.85076904296875
1,1,M3_R_V2_2,img_1710.jpg,354.01611328125,232.53024291992188
0,0,M4_L_V1_1,img_0.jpg,483.647216796875,290.353759765625
0,0,M4_L_V1_1,img_45.jpg,486.7007751464844,287.79376220703125
0,0,M4_L_V1_1,img_90.jpg,486.8344421386719,287.88507080078125
0,0,M4_L_V1_1,img_135.jpg,482.083251953125,310.27099609375
0,0,M4_L_V1_1,img_180.jpg,453.30474853515625,315.2037048339844
0,0,M4_L_V1_1,img_225.jpg,453.2962951660156,360.7220458984375
0,0,M4_L_V1_1,img_270.jpg,466.707275390625,371.746337890625
1,1,M4_L_V1_1,img_315.jpg,476.6310729980469,436.1966552734375
1,1,M4_L_V1_1,img_360.jpg,464.53424072265625,427.4621276855469
1,1,M4_L_V1_1,img_405.jpg,452.3341979980469,325.8707580566406
0,1,M4_L_V1_1,img_450.jpg,456.65625,411.0455932617188
1,1,M4_L_V1_1,img_495.jpg,468.578125,441.470458984375
1,1,M4_L_V1_1,img_540.jpg,467.6730651855469,446.0135498046875
1,1,M4_L_V1_1,img_585.jpg,460.4049072265625,361.9710083007813
1,1,M4_L_V1_1,img_630.jpg,402.4350891113281,346.7435913085937
1,1,M4_L_V1_1,img_675.jpg,515.1453857421875,363.30517578125
1,1,M4_L_V1_1,img_720.jpg,465.6669921875,362.5643005371094
1,1,M4_L_V1_1,img_765.jpg,450.0140075683594,362.1976623535156
1,0,M4_L_V1_1,img_810.jpg,469.52239990234375,410.7473449707031
1,1,M4_L_V1_1,img_855.jpg,470.0444946289063,431.130859375
1,1,M4_L_V1_1,img_900.jpg,458.9794921875,389.0715637207031
0,1,M4_L_V1_1,img_945.jpg,454.8139953613281,418.460205078125
1,1,M4_L_V1_1,img_990.jpg,470.7109680175781,442.2874450683594
1,1,M4_L_V1_1,img_1035.jpg,462.3906555175781,351.90484619140625
1,1,M4_L_V1_1,img_1080.jpg,465.241455078125,390.5890808105469
1,1,M4_L_V1_1,img_1125.jpg,518.6806030273438,381.0854187011719
1,1,M4_L_V1_1,img_1170.jpg,406.6474914550781,395.7434387207031
1,1,M4_L_V1_1,img_1215.jpg,478.4604187011719,379.4129638671875
1,1,M4_L_V1_1,img_1260.jpg,457.193115234375,414.8303527832031
1,1,M4_L_V1_1,img_1305.jpg,464.2513427734375,372.3440551757813
1,1,M4_L_V1_1,img_1350.jpg,459.6066589355469,333.6236877441406
1,1,M4_L_V1_1,img_1395.jpg,456.0383605957031,364.4721984863281
1,1,M4_L_V1_1,img_1440.jpg,443.8410034179688,365.4395446777344
1,1,M4_L_V1_1,img_1485.jpg,450.9402465820313,393.4176330566406
0,0,M4_L_V1_1,img_1530.jpg,445.9775390625,410.3083190917969
1,1,M4_L_V1_1,img_1575.jpg,453.9031982421875,445.2752380371094
1,1,M4_L_V1_1,img_1620.jpg,463.0732116699219,365.8078002929688
1,1,M4_L_V1_1,img_1665.jpg,475.4925231933594,355.0567626953125
1,1,M4_L_V1_1,img_1710.jpg,464.5364379882813,379.7806701660156
1,1,M4_L_V1_1,img_1755.jpg,456.935546875,351.030029296875
0,0,M4_L_V1_2,img_0.jpg,495.7339172363281,327.9837951660156
0,0,M4_L_V1_2,img_45.jpg,536.4378662109375,335.0039367675781
0,0,M4_L_V1_2,img_90.jpg,432.4490661621094,334.45513916015625
0,0,M4_L_V1_2,img_135.jpg,421.6722106933594,354.1996459960937
0,0,M4_L_V1_2,img_180.jpg,430.2618408203125,384.4351196289063
1,1,M4_L_V1_2,img_225.jpg,462.7877807617188,327.56121826171875
0,0,M4_L_V1_2,img_270.jpg,502.56243896484375,397.8546447753906
1,1,M4_L_V1_2,img_315.jpg,499.235595703125,319.847900390625
1,1,M4_L_V1_2,img_360.jpg,472.0329284667969,310.1867980957031
1,1,M4_L_V1_2,img_405.jpg,489.3883056640625,410.1719665527344
1,1,M4_L_V1_2,img_450.jpg,498.6885681152344,333.28302001953125
1,1,M4_L_V1_2,img_495.jpg,480.0857543945313,317.4230651855469
1,1,M4_L_V1_2,img_540.jpg,469.5580749511719,327.8753356933594
1,1,M4_L_V1_2,img_585.jpg,482.604248046875,369.8811950683594
1,1,M4_L_V1_2,img_630.jpg,513.7156982421875,386.6468505859375
1,1,M4_L_V1_2,img_675.jpg,493.962890625,319.1501770019531
0,0,M4_L_V1_2,img_720.jpg,502.3684997558594,362.1141662597656
0,0,M4_L_V1_2,img_765.jpg,490.36822509765625,353.4485778808594
0,0,M4_L_V1_2,img_810.jpg,498.5086669921875,348.305908203125
1,1,M4_L_V1_2,img_855.jpg,491.0620422363281,264.39849853515625
1,1,M4_L_V1_2,img_900.jpg,490.3278198242188,295.64617919921875
1,0,M4_L_V1_2,img_945.jpg,508.5146179199219,361.1506958007813
1,1,M4_L_V1_2,img_990.jpg,535.7071533203125,317.0967102050781
1,1,M4_L_V1_2,img_1035.jpg,528.822021484375,306.6381225585937
1,1,M4_L_V1_2,img_1080.jpg,493.6225891113281,319.152099609375
0,0,M4_L_V1_2,img_1125.jpg,507.1014404296875,353.3995056152344
1,1,M4_L_V1_2,img_1170.jpg,464.8282470703125,346.150634765625
1,1,M4_L_V1_2,img_1215.jpg,516.756591796875,429.2742919921875
1,1,M4_L_V1_2,img_1260.jpg,489.08892822265625,331.3802795410156
1,1,M4_L_V1_2,img_1305.jpg,543.5352172851562,334.2850036621094
1,1,M4_L_V1_2,img_1350.jpg,513.2111206054688,385.462890625
1,1,M4_L_V1_2,img_1395.jpg,475.11419677734375,344.06201171875
1,1,M4_L_V1_2,img_1440.jpg,528.9910278320312,353.71881103515625
1,1,M4_L_V1_2,img_1485.jpg,539.1265258789062,383.6565856933594
1,1,M4_L_V1_2,img_1530.jpg,494.2410583496094,357.1149597167969
1,1,M4_L_V1_2,img_1575.jpg,546.7514038085938,360.429931640625
1,1,M4_L_V1_2,img_1620.jpg,489.1345825195313,345.3852233886719
1,1,M4_L_V1_2,img_1665.jpg,538.2300415039062,335.5848083496094
1,1,M4_L_V1_2,img_1710.jpg,480.5823364257813,343.0686950683594
0,0,M4_L_V1_2,img_1755.jpg,416.6782531738281,356.2884216308594
0,0,M4_L_V2_1,img_0.jpg,455.6766357421875,258.4428405761719
0,0,M4_L_V2_1,img_45.jpg,444.4478454589844,251.457275390625
1,0,M4_L_V2_1,img_90.jpg,455.4239196777344,308.3809509277344
0,0,M4_L_V2_1,img_135.jpg,443.5513305664063,266.69219970703125
0,0,M4_L_V2_1,img_180.jpg,636.3158569335938,305.4811706542969
0,0,M4_L_V2_1,img_225.jpg,375.4599609375,296.6029968261719
1,0,M4_L_V2_1,img_270.jpg,471.4749145507813,346.7179260253906
1,1,M4_L_V2_1,img_315.jpg,456.4338989257813,395.8905944824219
1,1,M4_L_V2_1,img_360.jpg,466.59906005859375,398.4674072265625
1,1,M4_L_V2_1,img_405.jpg,468.79241943359375,327.73028564453125
1,1,M4_L_V2_1,img_450.jpg,390.5309448242188,337.3812255859375
1,1,M4_L_V2_1,img_495.jpg,526.258544921875,318.2363586425781
1,1,M4_L_V2_1,img_540.jpg,443.9394226074219,343.342529296875
1,1,M4_L_V2_1,img_585.jpg,456.8937377929688,265.4611511230469
1,1,M4_L_V2_1,img_630.jpg,441.8059692382813,359.3375244140625
1,1,M4_L_V2_1,img_675.jpg,541.0429077148438,330.56427001953125
1,1,M4_L_V2_1,img_720.jpg,417.8515930175781,310.825439453125
1,1,M4_L_V2_1,img_765.jpg,368.75775146484375,331.9603576660156
1,1,M4_L_V2_1,img_810.jpg,516.5711669921875,279.0162048339844
1,1,M4_L_V2_1,img_855.jpg,474.0123291015625,268.6620483398437
0,0,M4_L_V2_1,img_900.jpg,454.8879699707031,351.1651611328125
1,1,M4_L_V2_1,img_945.jpg,450.1150207519531,394.8224182128906
1,1,M4_L_V2_1,img_990.jpg,466.7586364746094,355.4833984375
1,1,M4_L_V2_1,img_1035.jpg,448.0440368652344,355.87579345703125
1,1,M4_L_V2_1,img_1080.jpg,491.1096496582031,294.7126770019531
1,1,M4_L_V2_1,img_1125.jpg,518.3419189453125,283.9848937988281
1,1,M4_L_V2_1,img_1170.jpg,439.9351501464844,315.211181640625
0,0,M4_L_V2_1,img_1215.jpg,498.6729431152344,281.20294189453125
1,1,M4_L_V2_1,img_1260.jpg,451.89208984375,384.5507507324219
1,1,M4_L_V2_1,img_1305.jpg,451.5159912109375,310.8963623046875
1,1,M4_L_V2_1,img_1350.jpg,443.4673156738281,315.2256164550781
1,1,M4_L_V2_1,img_1395.jpg,466.1660461425781,317.4964904785156
1,1,M4_L_V2_1,img_1440.jpg,452.277099609375,319.40850830078125
1,1,M4_L_V2_1,img_1485.jpg,455.3726196289063,337.53131103515625
1,1,M4_L_V2_1,img_1530.jpg,447.6860046386719,371.4635925292969
1,1,M4_L_V2_1,img_1575.jpg,456.5828552246094,293.66168212890625
1,1,M4_L_V2_1,img_1620.jpg,416.5584411621094,315.23846435546875
1,1,M4_L_V2_1,img_1665.jpg,493.9124145507813,310.7108764648437
1,1,M4_L_V2_1,img_1710.jpg,444.2767333984375,318.7362670898437
1,1,M4_L_V2_1,img_1755.jpg,421.99066162109375,351.7240600585937
0,0,M4_L_V2_2,img_0.jpg,457.07135009765625,328.4105834960937
1,1,M4_L_V2_2,img_45.jpg,520.1073608398438,396.0197448730469
1,1,M4_L_V2_2,img_90.jpg,520.1871948242188,364.8472900390625
1,1,M4_L_V2_2,img_135.jpg,410.3723449707031,392.2894592285156
1,0,M4_L_V2_2,img_180.jpg,448.7180786132813,287.68426513671875
1,1,M4_L_V2_2,img_225.jpg,514.8743896484375,374.1673278808594
1,1,M4_L_V2_2,img_270.jpg,492.83831787109375,279.3572998046875
1,1,M4_L_V2_2,img_315.jpg,471.6448974609375,315.09014892578125
1,1,M4_L_V2_2,img_360.jpg,514.642333984375,321.9099426269531
1,1,M4_L_V2_2,img_405.jpg,430.5070190429688,279.26092529296875
1,1,M4_L_V2_2,img_450.jpg,423.5720825195313,199.3404998779297
1,1,M4_L_V2_2,img_495.jpg,459.8249816894531,251.4203948974609
1,1,M4_L_V2_2,img_540.jpg,578.9329833984375,265.55963134765625
1,1,M4_L_V2_2,img_585.jpg,449.5089416503906,302.0374755859375
0,0,M4_L_V2_2,img_630.jpg,450.6265869140625,324.7714538574219
1,1,M4_L_V2_2,img_675.jpg,415.6421813964844,241.00030517578125
1,1,M4_L_V2_2,img_720.jpg,441.86224365234375,317.9530944824219
1,1,M4_L_V2_2,img_765.jpg,541.2401123046875,290.55975341796875
1,1,M4_L_V2_2,img_810.jpg,532.5110473632812,272.213623046875
1,1,M4_L_V2_2,img_855.jpg,565.2735595703125,263.0063171386719
1,1,M4_L_V2_2,img_900.jpg,522.219482421875,313.83740234375
1,1,M4_L_V2_2,img_945.jpg,389.9168395996094,349.7251281738281
1,1,M4_L_V2_2,img_990.jpg,453.9866027832031,269.2981262207031
1,1,M4_L_V2_2,img_1035.jpg,438.2284851074219,363.1684875488281
1,1,M4_L_V2_2,img_1080.jpg,448.1016845703125,369.0403442382813
1,1,M4_L_V2_2,img_1125.jpg,452.8366394042969,270.79852294921875
1,1,M4_L_V2_2,img_1170.jpg,459.6270751953125,268.7698974609375
1,1,M4_L_V2_2,img_1215.jpg,479.9948425292969,290.2799377441406
1,0,M4_L_V2_2,img_1260.jpg,433.3511352539063,291.8469543457031
1,1,M4_L_V2_2,img_1305.jpg,530.6517944335938,278.8313293457031
0,0,M4_L_V2_2,img_1350.jpg,566.4486694335938,303.3153076171875
1,1,M4_L_V2_2,img_1395.jpg,453.87200927734375,413.8759460449219
0,1,M4_L_V2_2,img_1440.jpg,485.51995849609375,334.14654541015625
1,1,M4_L_V2_2,img_1485.jpg,452.9517822265625,332.0191650390625
1,1,M4_L_V2_2,img_1530.jpg,507.3504028320313,286.21759033203125
1,1,M4_L_V2_2,img_1575.jpg,475.0128784179688,266.4622497558594
1,0,M4_L_V2_2,img_1620.jpg,499.3240051269531,308.9879150390625
1,1,M4_L_V2_2,img_1665.jpg,409.4174499511719,446.90472412109375
1,1,M4_L_V2_2,img_1710.jpg,443.02386474609375,347.423095703125
1,1,M4_L_V2_2,img_1755.jpg,546.2130126953125,389.1054992675781
0,0,M4_R_V1_1,img_0.jpg,478.810302734375,325.7371520996094
0,0,M4_R_V1_1,img_45.jpg,478.6998901367188,325.9507751464844
0,0,M4_R_V1_1,img_90.jpg,467.2507019042969,309.7796325683594
0,0,M4_R_V1_1,img_135.jpg,389.93353271484375,241.01547241210935
0,0,M4_R_V1_1,img_180.jpg,539.5626831054688,317.8394470214844
0,0,M4_R_V1_1,img_225.jpg,410.9368896484375,313.68035888671875
0,0,M4_R_V1_1,img_270.jpg,461.4401245117188,357.5537414550781
1,1,M4_R_V1_1,img_315.jpg,462.7586669921875,420.2166748046875
1,1,M4_R_V1_1,img_360.jpg,486.9878234863281,397.3116760253906
1,1,M4_R_V1_1,img_405.jpg,483.086669921875,333.8878173828125
1,1,M4_R_V1_1,img_450.jpg,398.6503601074219,346.6231994628906
1,1,M4_R_V1_1,img_495.jpg,528.1843872070312,370.05755615234375
0,0,M4_R_V1_1,img_540.jpg,464.4551696777344,365.4673156738281
1,1,M4_R_V1_1,img_585.jpg,466.1827392578125,430.8561096191406
1,1,M4_R_V1_1,img_630.jpg,494.5332946777344,402.70947265625
1,1,M4_R_V1_1,img_675.jpg,530.0115966796875,366.4575500488281
1,1,M4_R_V1_1,img_720.jpg,445.7264709472656,378.8092956542969
1,1,M4_R_V1_1,img_765.jpg,496.1114196777344,385.5460815429688
1,1,M4_R_V1_1,img_810.jpg,494.5318603515625,322.36151123046875
1,1,M4_R_V1_1,img_855.jpg,493.0861206054688,411.5384521484375
1,1,M4_R_V1_1,img_900.jpg,481.012939453125,328.4578857421875
1,1,M4_R_V1_1,img_945.jpg,477.7173156738281,349.3815612792969
1,1,M4_R_V1_1,img_990.jpg,480.081298828125,354.2120666503906
1,1,M4_R_V1_1,img_1035.jpg,493.2446594238281,356.1794738769531
1,1,M4_R_V1_1,img_1080.jpg,501.06842041015625,402.3984069824219
0,0,M4_R_V1_1,img_1125.jpg,476.6770324707031,358.2015991210937
0,0,M4_R_V1_1,img_1170.jpg,482.0163879394531,341.7869567871094
0,1,M4_R_V1_1,img_1215.jpg,466.2175598144531,381.67486572265625
1,1,M4_R_V1_1,img_1260.jpg,456.4834899902344,395.62799072265625
1,1,M4_R_V1_1,img_1305.jpg,459.6852416992188,430.4270324707031
1,1,M4_R_V1_1,img_1350.jpg,472.8071594238281,423.6430358886719
1,1,M4_R_V1_1,img_1395.jpg,475.7347106933594,356.0455627441406
1,1,M4_R_V1_1,img_1440.jpg,443.2196350097656,375.4100036621094
1,1,M4_R_V1_1,img_1485.jpg,523.44580078125,379.783935546875
1,1,M4_R_V1_1,img_1530.jpg,499.4758911132813,364.96881103515625
1,1,M4_R_V1_1,img_1575.jpg,500.4326171875,358.78253173828125
1,1,M4_R_V1_1,img_1620.jpg,512.9917602539062,375.3233642578125
1,1,M4_R_V1_1,img_1665.jpg,502.8307800292969,311.7794494628906
1,1,M4_R_V1_1,img_1710.jpg,502.520263671875,294.9302673339844
1,1,M4_R_V1_1,img_1755.jpg,513.16455078125,382.00494384765625
0,0,M4_R_V1_2,img_0.jpg,451.5832824707031,296.43048095703125
0,0,M4_R_V1_2,img_45.jpg,464.217529296875,341.5816955566406
1,1,M4_R_V1_2,img_90.jpg,445.0977783203125,366.6704406738281
1,1,M4_R_V1_2,img_135.jpg,481.3907470703125,296.3086853027344
1,1,M4_R_V1_2,img_180.jpg,453.3497009277344,297.8007202148437
0,1,M4_R_V1_2,img_225.jpg,475.859375,326.9315185546875
1,1,M4_R_V1_2,img_270.jpg,479.57177734375,292.92462158203125
1,1,M4_R_V1_2,img_315.jpg,482.3465576171875,283.100830078125
1,1,M4_R_V1_2,img_360.jpg,476.3316040039063,277.1156005859375
1,1,M4_R_V1_2,img_405.jpg,480.3500671386719,323.2134094238281
0,0,M4_R_V1_2,img_450.jpg,473.0896911621094,280.26483154296875
1,1,M4_R_V1_2,img_495.jpg,504.5440673828125,356.0544128417969
1,1,M4_R_V1_2,img_540.jpg,509.1473388671875,317.150390625
0,1,M4_R_V1_2,img_585.jpg,434.2779235839844,346.51348876953125
1,1,M4_R_V1_2,img_630.jpg,442.2799682617188,299.9100341796875
1,1,M4_R_V1_2,img_675.jpg,459.7961730957031,310.5711975097656
1,1,M4_R_V1_2,img_720.jpg,512.8429565429688,302.3028259277344
1,1,M4_R_V1_2,img_765.jpg,500.639404296875,308.10595703125
1,1,M4_R_V1_2,img_810.jpg,499.3054504394531,321.798095703125
0,0,M4_R_V1_2,img_855.jpg,477.4140319824219,355.9097900390625
1,1,M4_R_V1_2,img_900.jpg,505.0099792480469,318.93621826171875
1,1,M4_R_V1_2,img_945.jpg,542.9976196289062,307.6045837402344
0,0,M4_R_V1_2,img_990.jpg,482.6141357421875,301.0685119628906
1,1,M4_R_V1_2,img_1035.jpg,557.1690673828125,348.8802795410156
1,1,M4_R_V1_2,img_1080.jpg,568.7386474609375,321.47625732421875
1,1,M4_R_V1_2,img_1125.jpg,604.721923828125,299.7894897460937
0,0,M4_R_V1_2,img_1170.jpg,522.081298828125,259.88555908203125
1,1,M4_R_V1_2,img_1215.jpg,417.0962524414063,385.3941955566406
1,1,M4_R_V1_2,img_1260.jpg,410.9607849121094,308.8315734863281
1,1,M4_R_V1_2,img_1305.jpg,423.1007995605469,290.7796936035156
1,1,M4_R_V1_2,img_1350.jpg,418.9028015136719,336.00213623046875
1,1,M4_R_V1_2,img_1395.jpg,450.8604736328125,336.35302734375
1,1,M4_R_V1_2,img_1440.jpg,477.0813598632813,260.87457275390625
1,1,M4_R_V1_2,img_1485.jpg,488.4446716308594,294.7430725097656
1,1,M4_R_V1_2,img_1530.jpg,486.4778747558594,336.73095703125
1,1,M4_R_V1_2,img_1575.jpg,481.1502990722656,423.03717041015625
1,1,M4_R_V1_2,img_1620.jpg,544.27197265625,326.7720642089844
1,1,M4_R_V1_2,img_1665.jpg,525.804443359375,339.6423034667969
1,1,M4_R_V1_2,img_1710.jpg,544.6691284179688,336.3915100097656
1,1,M4_R_V1_2,img_1755.jpg,514.0640869140625,318.5029296875
0,0,M4_R_V2_1,img_0.jpg,451.9217224121094,297.96392822265625
1,0,M4_R_V2_1,img_45.jpg,452.1383972167969,297.2724914550781
0,0,M4_R_V2_1,img_90.jpg,463.8265075683594,294.3524169921875
0,0,M4_R_V2_1,img_135.jpg,417.7779541015625,222.1213531494141
0,0,M4_R_V2_1,img_180.jpg,469.3401184082031,155.3542022705078
1,0,M4_R_V2_1,img_225.jpg,354.38299560546875,211.50656127929688
0,0,M4_R_V2_1,img_270.jpg,473.97845458984375,286.7860107421875
0,0,M4_R_V2_1,img_315.jpg,470.3104248046875,298.1952819824219
0,0,M4_R_V2_1,img_360.jpg,462.0031127929688,302.7744445800781
1,1,M4_R_V2_1,img_405.jpg,463.3074340820313,388.3421325683594
1,1,M4_R_V2_1,img_450.jpg,477.3196105957031,391.78753662109375
1,1,M4_R_V2_1,img_495.jpg,481.4396057128906,405.5041198730469
1,1,M4_R_V2_1,img_540.jpg,479.3694763183594,276.2225036621094
1,1,M4_R_V2_1,img_585.jpg,405.2029418945313,305.9472351074219
1,1,M4_R_V2_1,img_630.jpg,517.2726440429688,320.01983642578125
1,1,M4_R_V2_1,img_675.jpg,459.8764343261719,305.76092529296875
1,1,M4_R_V2_1,img_720.jpg,489.4026794433594,312.9422912597656
1,1,M4_R_V2_1,img_765.jpg,469.2399597167969,338.5296630859375
1,1,M4_R_V2_1,img_810.jpg,460.5844421386719,260.6925354003906
1,0,M4_R_V2_1,img_855.jpg,473.3643798828125,255.30923461914065
0,0,M4_R_V2_1,img_900.jpg,474.9110107421875,309.6487121582031
1,0,M4_R_V2_1,img_945.jpg,481.2088623046875,339.96875
1,1,M4_R_V2_1,img_990.jpg,482.7777099609375,372.355712890625
1,1,M4_R_V2_1,img_1035.jpg,484.66119384765625,395.4082946777344
1,1,M4_R_V2_1,img_1080.jpg,483.0328674316406,406.1531066894531
1,1,M4_R_V2_1,img_1125.jpg,497.8582763671875,366.0153503417969
1,1,M4_R_V2_1,img_1170.jpg,481.3421630859375,329.5434265136719
1,1,M4_R_V2_1,img_1215.jpg,450.2410278320313,308.8316955566406
1,1,M4_R_V2_1,img_1260.jpg,520.6023559570312,318.5992736816406
1,1,M4_R_V2_1,img_1305.jpg,474.2052917480469,300.70928955078125
1,1,M4_R_V2_1,img_1350.jpg,462.8760986328125,316.04461669921875
1,1,M4_R_V2_1,img_1395.jpg,502.41204833984375,328.77099609375
1,1,M4_R_V2_1,img_1440.jpg,478.12109375,291.5805358886719
1,1,M4_R_V2_1,img_1485.jpg,473.0271911621094,295.8952941894531
1,0,M4_R_V2_1,img_1530.jpg,473.7677307128906,320.25799560546875
1,0,M4_R_V2_1,img_1575.jpg,446.9145812988281,296.7525329589844
0,0,M4_R_V2_1,img_1620.jpg,427.376708984375,297.1821594238281
1,0,M4_R_V2_1,img_1665.jpg,481.1205139160156,308.1792297363281
1,1,M4_R_V2_1,img_1710.jpg,489.0563354492188,363.7832946777344
1,1,M4_R_V2_1,img_1755.jpg,485.32623291015625,398.7376708984375
0,0,M4_R_V2_2,img_0.jpg,460.3214721679688,331.05841064453125
0,0,M4_R_V2_2,img_45.jpg,479.3704833984375,300.7102966308594
1,1,M4_R_V2_2,img_90.jpg,527.9899291992188,273.8522033691406
1,1,M4_R_V2_2,img_135.jpg,505.377685546875,269.46612548828125
1,1,M4_R_V2_2,img_180.jpg,521.5242309570312,253.9751892089844
0,0,M4_R_V2_2,img_225.jpg,486.7151184082031,249.40577697753903
1,1,M4_R_V2_2,img_270.jpg,497.7855529785156,406.76019287109375
1,1,M4_R_V2_2,img_315.jpg,460.4400024414063,351.8343505859375
1,1,M4_R_V2_2,img_360.jpg,417.900634765625,353.4651184082031
1,1,M4_R_V2_2,img_405.jpg,431.9514770507813,264.36065673828125
1,1,M4_R_V2_2,img_450.jpg,445.7391052246094,287.4516906738281
1,1,M4_R_V2_2,img_495.jpg,448.5683288574219,244.90261840820312
1,1,M4_R_V2_2,img_540.jpg,527.302001953125,258.6831359863281
1,1,M4_R_V2_2,img_585.jpg,518.635986328125,248.0543365478516
1,1,M4_R_V2_2,img_630.jpg,498.4352111816406,226.4696044921875
0,0,M4_R_V2_2,img_675.jpg,459.83502197265625,262.1408996582031
1,1,M4_R_V2_2,img_720.jpg,496.6280517578125,288.3560485839844
0,0,M4_R_V2_2,img_765.jpg,523.7263793945312,268.0264892578125
1,1,M4_R_V2_2,img_810.jpg,590.9161987304688,266.223388671875
1,1,M4_R_V2_2,img_855.jpg,458.0011291503906,310.474853515625
1,1,M4_R_V2_2,img_900.jpg,466.1217041015625,266.4102478027344
1,1,M4_R_V2_2,img_945.jpg,467.8384399414063,218.22418212890625
1,1,M4_R_V2_2,img_990.jpg,553.5903930664062,272.7283935546875
1,1,M4_R_V2_2,img_1035.jpg,517.298095703125,269.1986389160156
1,1,M4_R_V2_2,img_1080.jpg,491.61175537109375,245.7503662109375
1,1,M4_R_V2_2,img_1125.jpg,517.954345703125,257.9515991210937
1,1,M4_R_V2_2,img_1170.jpg,507.7752990722656,255.1338653564453
0,0,M4_R_V2_2,img_1215.jpg,470.4580383300781,219.0245361328125
0,0,M4_R_V2_2,img_1260.jpg,486.4676818847656,266.460205078125
0,1,M4_R_V2_2,img_1305.jpg,476.3341064453125,242.80685424804688
1,1,M4_R_V2_2,img_1350.jpg,466.5396728515625,338.7435607910156
1,1,M4_R_V2_2,img_1395.jpg,494.88372802734375,388.4140319824219
0,0,M4_R_V2_2,img_1440.jpg,478.240234375,248.4771270751953
1,1,M4_R_V2_2,img_1485.jpg,552.3181762695312,239.85638427734372
1,1,M4_R_V2_2,img_1530.jpg,439.5858154296875,239.39707946777344
0,0,M4_R_V2_2,img_1575.jpg,367.3376159667969,227.3529815673828
1,1,M4_R_V2_2,img_1620.jpg,402.11126708984375,225.2004547119141
1,1,M4_R_V2_2,img_1665.jpg,401.4285888671875,231.4290771484375
0,0,M4_R_V2_2,img_1710.jpg,422.6694030761719,242.800537109375
1,1,M4_R_V2_2,img_1755.jpg,462.4687194824219,191.3553771972656
0,0,M5_L_V1_1,img_0.jpg,492.8670043945313,211.08924865722656
0,0,M5_L_V1_1,img_45.jpg,496.2306823730469,209.5544891357422
0,0,M5_L_V1_1,img_90.jpg,470.8529357910156,229.7550506591797
1,1,M5_L_V1_1,img_135.jpg,470.4741821289063,362.5946350097656
1,1,M5_L_V1_1,img_180.jpg,477.2782287597656,386.4702758789063
1,1,M5_L_V1_1,img_225.jpg,476.82861328125,322.7895202636719
1,1,M5_L_V1_1,img_270.jpg,438.1215515136719,289.3373718261719
1,1,M5_L_V1_1,img_315.jpg,561.8335571289062,289.93731689453125
1,1,M5_L_V1_1,img_360.jpg,497.7384643554688,252.1312713623047
1,1,M5_L_V1_1,img_405.jpg,449.0567321777344,261.1044006347656
1,1,M5_L_V1_1,img_450.jpg,497.4046630859375,267.1826477050781
1,1,M5_L_V1_1,img_495.jpg,474.2078552246094,265.44158935546875
1,1,M5_L_V1_1,img_540.jpg,478.5336608886719,272.95526123046875
1,1,M5_L_V1_1,img_585.jpg,478.7371520996094,272.1351623535156
0,1,M5_L_V1_1,img_630.jpg,471.3253173828125,328.35552978515625
0,0,M5_L_V1_1,img_675.jpg,436.0979614257813,305.1963806152344
1,1,M5_L_V1_1,img_720.jpg,471.9764709472656,374.0764465332031
1,1,M5_L_V1_1,img_765.jpg,482.9067687988281,368.3154296875
1,1,M5_L_V1_1,img_810.jpg,478.1633605957031,293.9379577636719
1,1,M5_L_V1_1,img_855.jpg,426.3455505371094,288.3598022460937
1,1,M5_L_V1_1,img_900.jpg,548.7667846679688,269.3044128417969
1,1,M5_L_V1_1,img_945.jpg,473.5803527832031,282.980224609375
1,1,M5_L_V1_1,img_990.jpg,515.4320678710938,254.9908142089844
1,1,M5_L_V1_1,img_1035.jpg,475.4467468261719,287.55487060546875
1,1,M5_L_V1_1,img_1080.jpg,483.1707458496094,247.77151489257807
1,1,M5_L_V1_1,img_1125.jpg,484.5768432617188,323.9516906738281
1,1,M5_L_V1_1,img_1170.jpg,485.8123168945313,359.2364501953125
1,1,M5_L_V1_1,img_1215.jpg,502.15283203125,332.9718017578125
1,1,M5_L_V1_1,img_1260.jpg,492.1336975097656,265.5544738769531
1,1,M5_L_V1_1,img_1305.jpg,480.3289794921875,288.6695861816406
1,1,M5_L_V1_1,img_1350.jpg,497.5390625,267.76348876953125
1,1,M5_L_V1_1,img_1395.jpg,434.6073303222656,300.2140197753906
1,1,M5_L_V1_1,img_1440.jpg,551.0363159179688,283.3288269042969
1,1,M5_L_V1_1,img_1485.jpg,455.3182067871094,296.0479736328125
1,1,M5_L_V1_1,img_1530.jpg,518.7153930664062,265.8200988769531
1,1,M5_L_V1_1,img_1575.jpg,490.7394714355469,299.84588623046875
1,1,M5_L_V1_1,img_1620.jpg,489.0819091796875,299.8252868652344
1,1,M5_L_V1_1,img_1665.jpg,486.4255676269531,305.7433776855469
1,1,M5_L_V1_1,img_1710.jpg,499.8352966308594,270.3829345703125
0,0,M5_L_V1_1,img_1755.jpg,507.4593200683594,255.43212890625
0,0,M5_L_V1_2,img_0.jpg,512.6810913085938,262.5788269042969
0,0,M5_L_V1_2,img_45.jpg,531.8544921875,257.6766052246094
0,0,M5_L_V1_2,img_90.jpg,506.5914001464844,321.1737670898437
0,0,M5_L_V1_2,img_135.jpg,549.216064453125,262.3741760253906
0,0,M5_L_V1_2,img_180.jpg,548.9869995117188,266.4022216796875
0,0,M5_L_V1_2,img_225.jpg,553.6060791015625,269.9593200683594
0,0,M5_L_V1_2,img_270.jpg,459.3787841796875,287.6559143066406
1,1,M5_L_V1_2,img_315.jpg,483.4740295410156,360.9891357421875
1,1,M5_L_V1_2,img_360.jpg,514.5541381835938,252.6479949951172
1,1,M5_L_V1_2,img_405.jpg,494.6988220214844,239.46897888183597
1,1,M5_L_V1_2,img_450.jpg,493.2008972167969,337.2607421875
1,1,M5_L_V1_2,img_495.jpg,505.9890441894531,274.0514221191406
1,1,M5_L_V1_2,img_540.jpg,517.741455078125,252.2569274902344
1,1,M5_L_V1_2,img_585.jpg,523.6790771484375,291.8195495605469
0,0,M5_L_V1_2,img_630.jpg,549.4400634765625,271.4374389648437
1,1,M5_L_V1_2,img_675.jpg,514.2821044921875,275.79119873046875
1,1,M5_L_V1_2,img_720.jpg,588.2322387695312,234.4411163330078
1,1,M5_L_V1_2,img_765.jpg,501.3873291015625,274.2444763183594
1,1,M5_L_V1_2,img_810.jpg,506.1896362304688,271.09356689453125
1,1,M5_L_V1_2,img_855.jpg,526.0659790039062,246.3412628173828
1,1,M5_L_V1_2,img_900.jpg,514.7990112304688,221.39866638183597
1,1,M5_L_V1_2,img_945.jpg,512.463134765625,201.87356567382807
1,1,M5_L_V1_2,img_990.jpg,514.0540161132812,207.0378570556641
0,0,M5_L_V1_2,img_1035.jpg,558.2072143554688,245.9994964599609
1,1,M5_L_V1_2,img_1080.jpg,483.8999938964844,291.7287902832031
1,1,M5_L_V1_2,img_1125.jpg,575.199951171875,272.9051513671875
1,1,M5_L_V1_2,img_1170.jpg,506.794677734375,274.8833312988281
0,0,M5_L_V1_2,img_1215.jpg,487.6849365234375,269.6586608886719
1,1,M5_L_V1_2,img_1260.jpg,466.438720703125,262.1510925292969
1,1,M5_L_V1_2,img_1305.jpg,467.5247802734375,246.25460815429688
1,1,M5_L_V1_2,img_1350.jpg,420.6022338867188,282.7125244140625
1,0,M5_L_V1_2,img_1395.jpg,545.8563842773438,253.6280059814453
1,1,M5_L_V1_2,img_1440.jpg,546.7938232421875,254.23605346679688
1,1,M5_L_V1_2,img_1485.jpg,498.2866821289063,277.0392150878906
0,0,M5_L_V1_2,img_1530.jpg,541.9032592773438,243.6396026611328
1,1,M5_L_V1_2,img_1575.jpg,486.5426635742188,378.1448059082031
1,0,M5_L_V1_2,img_1620.jpg,572.2603759765625,322.5798034667969
1,1,M5_L_V1_2,img_1665.jpg,508.5895690917969,356.8790283203125
1,1,M5_L_V1_2,img_1710.jpg,544.3761596679688,241.3098602294922
1,1,M5_L_V1_2,img_1755.jpg,516.3948364257812,220.9542999267578
0,0,M5_L_V2_1,img_0.jpg,528.5938110351562,269.5873107910156
0,0,M5_L_V2_1,img_45.jpg,515.3916015625,292.3109741210937
0,0,M5_L_V2_1,img_90.jpg,464.15142822265625,237.37196350097656
0,0,M5_L_V2_1,img_135.jpg,645.9151000976562,274.6757202148437
0,0,M5_L_V2_1,img_180.jpg,362.26171875,252.31558227539065
1,1,M5_L_V2_1,img_225.jpg,522.0933227539062,287.72003173828125
0,1,M5_L_V2_1,img_270.jpg,508.4712219238281,341.8343505859375
1,1,M5_L_V2_1,img_315.jpg,509.6911926269531,404.5404968261719
1,1,M5_L_V2_1,img_360.jpg,490.6426696777344,380.4537353515625
1,1,M5_L_V2_1,img_405.jpg,490.9759216308594,271.587890625
1,1,M5_L_V2_1,img_450.jpg,440.5832824707031,275.26190185546875
1,1,M5_L_V2_1,img_495.jpg,553.1184692382812,286.7958374023437
1,1,M5_L_V2_1,img_540.jpg,467.9189147949219,280.9312438964844
1,1,M5_L_V2_1,img_585.jpg,483.0841979980469,256.1439819335937
1,1,M5_L_V2_1,img_630.jpg,424.0596618652344,248.74351501464844
1,1,M5_L_V2_1,img_675.jpg,531.171142578125,244.90792846679688
1,1,M5_L_V2_1,img_720.jpg,503.8139343261719,279.20379638671875
1,1,M5_L_V2_1,img_765.jpg,464.8287963867188,294.36865234375
1,1,M5_L_V2_1,img_810.jpg,488.1897277832031,341.8663024902344
1,1,M5_L_V2_1,img_855.jpg,488.37347412109375,387.2776489257813
1,1,M5_L_V2_1,img_900.jpg,492.7723083496094,285.7884216308594
1,1,M5_L_V2_1,img_945.jpg,433.39556884765625,307.0140686035156
1,1,M5_L_V2_1,img_990.jpg,553.724365234375,307.9614562988281
1,1,M5_L_V2_1,img_1035.jpg,485.9279174804688,307.6509704589844
1,1,M5_L_V2_1,img_1080.jpg,481.8288879394531,312.6686706542969
0,1,M5_L_V2_1,img_1125.jpg,489.0801696777344,366.3016662597656
1,1,M5_L_V2_1,img_1170.jpg,491.3428955078125,310.4283142089844
0,0,M5_L_V2_1,img_1215.jpg,484.6618041992188,339.466796875
1,1,M5_L_V2_1,img_1260.jpg,507.2841796875,427.9786376953125
1,1,M5_L_V2_1,img_1305.jpg,495.86517333984375,346.7216186523437
1,1,M5_L_V2_1,img_1350.jpg,455.9210815429688,348.06085205078125
1,1,M5_L_V2_1,img_1395.jpg,400.1523132324219,341.8052978515625
1,1,M5_L_V2_1,img_1440.jpg,495.2894592285156,280.56072998046875
1,1,M5_L_V2_1,img_1485.jpg,497.1383666992188,290.00592041015625
1,1,M5_L_V2_1,img_1530.jpg,530.8324584960938,304.2344665527344
1,1,M5_L_V2_1,img_1575.jpg,398.8434448242188,311.8048400878906
0,0,M5_L_V2_1,img_1620.jpg,462.8533935546875,306.86627197265625
1,1,M5_L_V2_1,img_1665.jpg,472.3491821289063,396.0174865722656
1,1,M5_L_V2_1,img_1710.jpg,406.5611572265625,317.7916564941406
1,1,M5_L_V2_1,img_1755.jpg,548.4349365234375,309.4207458496094
0,0,M5_L_V2_2,img_0.jpg,548.8155517578125,325.2184143066406
0,0,M5_L_V2_2,img_45.jpg,594.02978515625,264.225341796875
0,0,M5_L_V2_2,img_90.jpg,472.9962768554688,414.205078125
0,0,M5_L_V2_2,img_135.jpg,532.1898193359375,277.6351318359375
0,0,M5_L_V2_2,img_180.jpg,551.56005859375,325.2292175292969
1,1,M5_L_V2_2,img_225.jpg,501.5703125,386.307373046875
1,1,M5_L_V2_2,img_270.jpg,521.1010131835938,238.67578125
1,1,M5_L_V2_2,img_315.jpg,474.0238037109375,379.2254028320313
1,1,M5_L_V2_2,img_360.jpg,521.1723022460938,213.8105316162109
1,1,M5_L_V2_2,img_405.jpg,467.5893249511719,224.36431884765625
0,0,M5_L_V2_2,img_450.jpg,461.014404296875,269.8670349121094
1,1,M5_L_V2_2,img_495.jpg,493.0035095214844,226.7097625732422
1,1,M5_L_V2_2,img_540.jpg,503.6752624511719,211.4733428955078
1,1,M5_L_V2_2,img_585.jpg,523.505615234375,274.446044921875
0,0,M5_L_V2_2,img_630.jpg,471.3804321289063,269.2224426269531
1,1,M5_L_V2_2,img_675.jpg,528.146484375,205.5929718017578
1,1,M5_L_V2_2,img_720.jpg,490.55609130859375,218.1801605224609
1,1,M5_L_V2_2,img_765.jpg,462.0405883789063,368.06097412109375
1,1,M5_L_V2_2,img_810.jpg,434.9384765625,340.2276611328125
0,0,M5_L_V2_2,img_855.jpg,483.0074768066406,198.20672607421875
0,1,M5_L_V2_2,img_900.jpg,518.3160400390625,267.79913330078125
0,0,M5_L_V2_2,img_945.jpg,393.249755859375,227.1814422607422
0,0,M5_L_V2_2,img_990.jpg,559.145263671875,272.8006286621094
1,1,M5_L_V2_2,img_1035.jpg,457.6117858886719,303.4706420898437
1,1,M5_L_V2_2,img_1080.jpg,413.69964599609375,250.3193817138672
1,1,M5_L_V2_2,img_1125.jpg,517.5678100585938,304.0445861816406
1,1,M5_L_V2_2,img_1170.jpg,497.2200317382813,290.6502990722656
0,0,M5_L_V2_2,img_1215.jpg,386.1836853027344,341.1627502441406
1,1,M5_L_V2_2,img_1260.jpg,479.8045349121094,220.26095581054688
0,0,M5_L_V2_2,img_1305.jpg,495.1752624511719,240.28298950195312
1,1,M5_L_V2_2,img_1350.jpg,453.6979370117188,377.05474853515625
0,0,M5_L_V2_2,img_1395.jpg,512.8945922851562,280.3897705078125
1,1,M5_L_V2_2,img_1440.jpg,606.4705810546875,358.96685791015625
1,1,M5_L_V2_2,img_1485.jpg,564.3369750976562,264.4596252441406
0,0,M5_L_V2_2,img_1530.jpg,547.8519287109375,377.6143493652344
1,1,M5_L_V2_2,img_1575.jpg,572.4121704101562,307.5646667480469
1,1,M5_L_V2_2,img_1620.jpg,537.167236328125,411.9503784179688
1,1,M5_L_V2_2,img_1665.jpg,525.3291015625,293.96148681640625
1,1,M5_L_V2_2,img_1710.jpg,570.0852661132812,261.4578857421875
1,1,M5_L_V2_2,img_1755.jpg,634.1405639648438,257.5968017578125
0,0,M5_R_V1_1,img_0.jpg,483.26220703125,259.1948547363281
0,0,M5_R_V1_1,img_45.jpg,484.3956604003906,265.53778076171875
0,0,M5_R_V1_1,img_90.jpg,503.7080078125,304.7959899902344
0,0,M5_R_V1_1,img_135.jpg,489.9302673339844,206.04991149902344
0,0,M5_R_V1_1,img_180.jpg,482.99310302734375,243.068359375
0,0,M5_R_V1_1,img_225.jpg,513.2119140625,278.9496154785156
1,1,M5_R_V1_1,img_270.jpg,469.8453369140625,310.8727722167969
1,1,M5_R_V1_1,img_315.jpg,468.351806640625,350.27935791015625
1,1,M5_R_V1_1,img_360.jpg,500.26763916015625,341.6810607910156
1,1,M5_R_V1_1,img_405.jpg,484.9207458496094,281.87823486328125
1,1,M5_R_V1_1,img_450.jpg,484.5778198242188,281.0967712402344
1,1,M5_R_V1_1,img_495.jpg,484.1043090820313,280.26348876953125
1,1,M5_R_V1_1,img_540.jpg,484.3051452636719,280.6791687011719
1,1,M5_R_V1_1,img_585.jpg,483.9613952636719,280.4346008300781
1,1,M5_R_V1_1,img_630.jpg,487.8107299804688,277.8708190917969
0,0,M5_R_V1_1,img_675.jpg,478.4220581054688,166.32171630859375
0,1,M5_R_V1_1,img_720.jpg,462.41314697265625,280.8443603515625
1,1,M5_R_V1_1,img_765.jpg,492.82659912109375,277.9847106933594
1,1,M5_R_V1_1,img_810.jpg,474.8611145019531,273.3693542480469
1,1,M5_R_V1_1,img_855.jpg,487.1866760253906,267.2471618652344
1,1,M5_R_V1_1,img_900.jpg,524.4815063476562,292.0558166503906
1,1,M5_R_V1_1,img_945.jpg,499.7464599609375,251.215576171875
1,1,M5_R_V1_1,img_990.jpg,508.6210632324219,274.3423767089844
1,1,M5_R_V1_1,img_1035.jpg,498.83001708984375,213.5802001953125
1,0,M5_R_V1_1,img_1080.jpg,494.482177734375,289.4259338378906
0,0,M5_R_V1_1,img_1125.jpg,546.4663696289062,315.3281555175781
1,1,M5_R_V1_1,img_1170.jpg,499.2611389160156,373.0882263183594
1,1,M5_R_V1_1,img_1215.jpg,503.3462829589844,284.8194274902344
1,1,M5_R_V1_1,img_1260.jpg,512.5702514648438,279.2061767578125
1,1,M5_R_V1_1,img_1305.jpg,480.2334899902344,275.9989929199219
1,1,M5_R_V1_1,img_1350.jpg,496.39593505859375,200.22254943847656
1,1,M5_R_V1_1,img_1395.jpg,511.68109130859375,276.92413330078125
1,1,M5_R_V1_1,img_1440.jpg,494.7144470214844,350.13336181640625
0,0,M5_R_V1_1,img_1485.jpg,563.2650146484375,271.4989318847656
1,1,M5_R_V1_1,img_1530.jpg,550.325439453125,346.3114013671875
1,1,M5_R_V1_1,img_1575.jpg,534.7282104492188,361.9476318359375
1,1,M5_R_V1_1,img_1620.jpg,498.5912780761719,287.9349060058594
1,1,M5_R_V1_1,img_1665.jpg,569.9536743164062,310.8734130859375
1,1,M5_R_V1_1,img_1710.jpg,516.5078735351562,310.6651306152344
1,1,M5_R_V1_1,img_1755.jpg,518.5161743164062,283.2320556640625
0,0,M5_R_V1_2,img_0.jpg,475.91314697265625,241.77093505859372
0,0,M5_R_V1_2,img_45.jpg,464.2245788574219,244.4726104736328
0,0,M5_R_V1_2,img_90.jpg,527.9343872070312,291.82427978515625
0,0,M5_R_V1_2,img_135.jpg,477.2155456542969,257.5350036621094
0,0,M5_R_V1_2,img_180.jpg,534.1153564453125,278.6049499511719
1,1,M5_R_V1_2,img_225.jpg,468.4055786132813,290.60308837890625
1,1,M5_R_V1_2,img_270.jpg,491.275146484375,230.24456787109372
1,1,M5_R_V1_2,img_315.jpg,525.1599731445312,272.57928466796875
1,1,M5_R_V1_2,img_360.jpg,563.4666137695312,240.5922698974609
1,1,M5_R_V1_2,img_405.jpg,457.4631652832031,261.9618530273437
1,1,M5_R_V1_2,img_450.jpg,507.0545349121094,290.0594482421875
1,1,M5_R_V1_2,img_495.jpg,500.65142822265625,265.99627685546875
1,1,M5_R_V1_2,img_540.jpg,508.1875305175781,304.445556640625
1,1,M5_R_V1_2,img_585.jpg,499.1271667480469,308.28277587890625
0,0,M5_R_V1_2,img_630.jpg,529.83740234375,252.4014587402344
1,1,M5_R_V1_2,img_675.jpg,573.7359619140625,248.0168609619141
1,1,M5_R_V1_2,img_720.jpg,594.0345458984375,237.08258056640625
1,1,M5_R_V1_2,img_765.jpg,560.4822387695312,235.2918701171875
1,1,M5_R_V1_2,img_810.jpg,539.8447875976562,292.5982666015625
0,1,M5_R_V1_2,img_855.jpg,534.4829711914062,299.6622314453125
0,0,M5_R_V1_2,img_900.jpg,490.9334106445313,318.80206298828125
1,1,M5_R_V1_2,img_945.jpg,499.3565368652344,347.213134765625
1,1,M5_R_V1_2,img_990.jpg,550.7608032226562,301.73846435546875
1,1,M5_R_V1_2,img_1035.jpg,506.4295043945313,268.1200561523437
0,0,M5_R_V1_2,img_1080.jpg,447.92431640625,283.7341613769531
1,1,M5_R_V1_2,img_1125.jpg,440.9231262207031,261.9721984863281
1,1,M5_R_V1_2,img_1170.jpg,478.77545166015625,260.5976867675781
1,1,M5_R_V1_2,img_1215.jpg,450.2741394042969,275.54962158203125
1,1,M5_R_V1_2,img_1260.jpg,456.8944091796875,234.50787353515625
0,0,M5_R_V1_2,img_1305.jpg,430.2768859863281,262.19732666015625
1,1,M5_R_V1_2,img_1350.jpg,449.8456726074219,279.848388671875
1,1,M5_R_V1_2,img_1395.jpg,482.8263549804688,273.6061706542969
1,1,M5_R_V1_2,img_1440.jpg,500.66650390625,261.2653503417969
1,1,M5_R_V1_2,img_1485.jpg,438.24462890625,253.81044006347656
0,0,M5_R_V1_2,img_1530.jpg,427.7864074707031,236.38365173339844
1,1,M5_R_V1_2,img_1575.jpg,529.4751586914062,298.8182983398437
1,1,M5_R_V1_2,img_1620.jpg,464.8497619628906,238.26112365722656
1,1,M5_R_V1_2,img_1665.jpg,541.6455688476562,290.0045471191406
0,0,M5_R_V1_2,img_1710.jpg,387.7271118164063,278.7500305175781
1,1,M5_R_V1_2,img_1755.jpg,409.29095458984375,208.1096954345703
0,0,M5_R_V2_1,img_0.jpg,493.4597778320313,257.5454406738281
0,0,M5_R_V2_1,img_45.jpg,493.4449768066406,257.9476013183594
0,0,M5_R_V2_1,img_90.jpg,457.8828125,271.1248779296875
1,0,M5_R_V2_1,img_135.jpg,517.8743286132812,208.1402740478516
0,0,M5_R_V2_1,img_180.jpg,470.081298828125,249.3929901123047
0,0,M5_R_V2_1,img_225.jpg,482.97216796875,253.89813232421875
0,0,M5_R_V2_1,img_270.jpg,499.4307861328125,332.66436767578125
1,1,M5_R_V2_1,img_315.jpg,499.2054443359375,368.7228698730469
1,1,M5_R_V2_1,img_360.jpg,499.03558349609375,412.5074157714844
1,1,M5_R_V2_1,img_405.jpg,491.6198120117188,310.63385009765625
1,1,M5_R_V2_1,img_450.jpg,400.79595947265625,316.85504150390625
1,1,M5_R_V2_1,img_495.jpg,558.0908813476562,334.77740478515625
1,1,M5_R_V2_1,img_540.jpg,484.4421997070313,325.3735656738281
1,1,M5_R_V2_1,img_585.jpg,475.1529846191406,320.9165954589844
1,1,M5_R_V2_1,img_630.jpg,503.6391296386719,342.9513854980469
1,1,M5_R_V2_1,img_675.jpg,484.0228271484375,300.2206420898437
1,1,M5_R_V2_1,img_720.jpg,404.0823364257813,302.3139953613281
1,1,M5_R_V2_1,img_765.jpg,479.8365783691406,308.35321044921875
1,1,M5_R_V2_1,img_810.jpg,458.4173583984375,285.8218688964844
1,1,M5_R_V2_1,img_855.jpg,458.3957214355469,257.8422241210937
1,1,M5_R_V2_1,img_900.jpg,459.83294677734375,255.9854736328125
1,1,M5_R_V2_1,img_945.jpg,459.6314697265625,255.7605438232422
1,1,M5_R_V2_1,img_990.jpg,459.467529296875,255.7427978515625
1,1,M5_R_V2_1,img_1035.jpg,453.041015625,237.0393218994141
1,1,M5_R_V2_1,img_1080.jpg,457.3548583984375,195.93638610839844
1,0,M5_R_V2_1,img_1125.jpg,481.6978759765625,283.4914245605469
1,1,M5_R_V2_1,img_1170.jpg,482.4773254394531,340.2386779785156
1,1,M5_R_V2_1,img_1215.jpg,434.5816650390625,273.7693176269531
1,1,M5_R_V2_1,img_1260.jpg,568.3901977539062,287.9285888671875
1,1,M5_R_V2_1,img_1305.jpg,482.73486328125,279.3653259277344
1,1,M5_R_V2_1,img_1350.jpg,493.3152770996094,237.7525787353516
1,1,M5_R_V2_1,img_1395.jpg,489.565185546875,263.216796875
1,1,M5_R_V2_1,img_1440.jpg,400.82025146484375,291.3201904296875
1,1,M5_R_V2_1,img_1485.jpg,576.2216796875,304.1438903808594
1,1,M5_R_V2_1,img_1530.jpg,467.8878784179688,293.4624328613281
1,1,M5_R_V2_1,img_1575.jpg,494.93792724609375,307.130126953125
1,1,M5_R_V2_1,img_1620.jpg,480.47705078125,288.3732604980469
1,1,M5_R_V2_1,img_1665.jpg,487.7640380859375,299.1300964355469
1,1,M5_R_V2_1,img_1710.jpg,487.7391662597656,250.9735870361328
1,1,M5_R_V2_1,img_1755.jpg,483.4126892089844,244.46876525878903
0,1,M5_R_V2_2,img_0.jpg,489.2192077636719,292.7742919921875
1,1,M5_R_V2_2,img_45.jpg,451.6278076171875,331.2343444824219
0,0,M5_R_V2_2,img_90.jpg,434.0216369628906,300.23345947265625
1,0,M5_R_V2_2,img_135.jpg,554.778076171875,256.9054870605469
1,0,M5_R_V2_2,img_180.jpg,444.7658996582031,316.0994873046875
1,0,M5_R_V2_2,img_225.jpg,445.0900268554688,360.6979675292969
1,0,M5_R_V2_2,img_270.jpg,515.2553100585938,294.1483764648437
1,0,M5_R_V2_2,img_315.jpg,563.976806640625,279.0531005859375
1,1,M5_R_V2_2,img_360.jpg,477.17572021484375,371.5668640136719
1,1,M5_R_V2_2,img_405.jpg,480.93658447265625,299.0155029296875
1,1,M5_R_V2_2,img_450.jpg,518.0787353515625,306.1655578613281
1,1,M5_R_V2_2,img_495.jpg,414.52435302734375,252.8730010986328
1,1,M5_R_V2_2,img_540.jpg,490.6169128417969,257.5605773925781
1,1,M5_R_V2_2,img_585.jpg,496.0560302734375,290.1469421386719
0,0,M5_R_V2_2,img_630.jpg,465.0905151367188,262.2851867675781
1,1,M5_R_V2_2,img_675.jpg,528.6246337890625,343.21112060546875
1,1,M5_R_V2_2,img_720.jpg,577.7255859375,288.9462890625
1,1,M5_R_V2_2,img_765.jpg,532.6300659179688,224.9053649902344
1,0,M5_R_V2_2,img_810.jpg,503.2761535644531,278.1635131835937
1,1,M5_R_V2_2,img_855.jpg,425.2853088378906,377.7574768066406
1,1,M5_R_V2_2,img_900.jpg,422.6997680664063,279.3807067871094
1,1,M5_R_V2_2,img_945.jpg,404.6162109375,273.0424499511719
1,0,M5_R_V2_2,img_990.jpg,409.7074890136719,232.1226959228516
1,1,M5_R_V2_2,img_1035.jpg,475.2115783691406,331.2850341796875
1,1,M5_R_V2_2,img_1080.jpg,478.448486328125,222.55865478515625
1,1,M5_R_V2_2,img_1125.jpg,490.2561340332031,232.0956573486328
1,1,M5_R_V2_2,img_1170.jpg,476.7070007324219,229.859130859375
1,1,M5_R_V2_2,img_1215.jpg,467.2170104980469,280.0263366699219
1,1,M5_R_V2_2,img_1260.jpg,464.4591674804688,369.2195434570313
1,1,M5_R_V2_2,img_1305.jpg,469.8875122070313,282.36688232421875
1,1,M5_R_V2_2,img_1350.jpg,481.70306396484375,325.9078674316406
1,1,M5_R_V2_2,img_1395.jpg,507.9653015136719,321.4325866699219
1,1,M5_R_V2_2,img_1440.jpg,576.0433959960938,317.8490905761719
0,0,M5_R_V2_2,img_1485.jpg,541.8178100585938,270.1919250488281
1,1,M5_R_V2_2,img_1530.jpg,531.3180541992188,357.0784912109375
1,1,M5_R_V2_2,img_1575.jpg,539.1605834960938,313.7347412109375
1,1,M5_R_V2_2,img_1620.jpg,570.3971557617188,247.58160400390625
1,1,M5_R_V2_2,img_1665.jpg,574.4120483398438,239.49752807617188
0,0,M5_R_V2_2,img_1710.jpg,469.7035217285156,229.50880432128903
1,1,M5_R_V2_2,img_1755.jpg,398.275634765625,371.20355224609375
